id,product_id,created_at,sold_at,cost,product_category,product_name,product_brand,product_retail_price,product_department,product_sku,product_distribution_center_id
67218,16898,20/09/2023 23:00:02,31/10/2023 01:45:02,13.92499997,Tops & Tees,Quiksilver Waterman Men's On The Rise,,25,Men,22811EE19846217512507785E74D12CC,3
67219,16898,26/02/2023 14:56:00,,13.92499997,Tops & Tees,Quiksilver Waterman Men's On The Rise,,25,Men,22811EE19846217512507785E74D12CC,3
67220,16898,04/11/2020 13:45:00,,13.92499997,Tops & Tees,Quiksilver Waterman Men's On The Rise,,25,Men,22811EE19846217512507785E74D12CC,3
268264,16898,02/06/2021 12:01:00,12/06/2021 01:40:00,13.92499997,Tops & Tees,Quiksilver Waterman Men's On The Rise,,25,Men,22811EE19846217512507785E74D12CC,3
268265,16898,01/07/2020 05:16:00,,13.92499997,Tops & Tees,Quiksilver Waterman Men's On The Rise,,25,Men,22811EE19846217512507785E74D12CC,3
268266,16898,08/02/2020 09:11:00,,13.92499997,Tops & Tees,Quiksilver Waterman Men's On The Rise,,25,Men,22811EE19846217512507785E74D12CC,3
343440,16898,08/09/2020 04:09:55,02/10/2020 11:26:55,13.92499997,Tops & Tees,Quiksilver Waterman Men's On The Rise,,25,Men,22811EE19846217512507785E74D12CC,3
343441,16898,30/12/2021 11:15:00,,13.92499997,Tops & Tees,Quiksilver Waterman Men's On The Rise,,25,Men,22811EE19846217512507785E74D12CC,3
343442,16898,14/11/2022 18:49:00,,13.92499997,Tops & Tees,Quiksilver Waterman Men's On The Rise,,25,Men,22811EE19846217512507785E74D12CC,3
343443,16898,23/07/2022 12:10:00,,13.92499997,Tops & Tees,Quiksilver Waterman Men's On The Rise,,25,Men,22811EE19846217512507785E74D12CC,3
361856,16898,24/09/2021 07:56:55,22/11/2021 06:15:55,13.92499997,Tops & Tees,Quiksilver Waterman Men's On The Rise,,25,Men,22811EE19846217512507785E74D12CC,3
361857,16898,07/05/2021 02:22:00,,13.92499997,Tops & Tees,Quiksilver Waterman Men's On The Rise,,25,Men,22811EE19846217512507785E74D12CC,3
54476,9482,05/03/2023 12:01:19,16/03/2023 02:39:19,5.711999953,Socks & Hosiery,KEEN Women Bellingham Low Ultralite Sock,,16,Women,C5A3C867A3DFB776552DCFC804D4937E,3
54477,9482,04/06/2022 16:14:00,,5.711999953,Socks & Hosiery,KEEN Women Bellingham Low Ultralite Sock,,16,Women,C5A3C867A3DFB776552DCFC804D4937E,3
54478,9482,27/03/2020 13:18:00,,5.711999953,Socks & Hosiery,KEEN Women Bellingham Low Ultralite Sock,,16,Women,C5A3C867A3DFB776552DCFC804D4937E,3
161040,9482,16/06/2023 06:06:23,03/08/2023 01:03:23,5.711999953,Socks & Hosiery,KEEN Women Bellingham Low Ultralite Sock,,16,Women,C5A3C867A3DFB776552DCFC804D4937E,3
161041,9482,05/03/2023 14:10:00,,5.711999953,Socks & Hosiery,KEEN Women Bellingham Low Ultralite Sock,,16,Women,C5A3C867A3DFB776552DCFC804D4937E,3
176434,9482,31/08/2023 09:08:25,11/09/2023 06:44:25,5.711999953,Socks & Hosiery,KEEN Women Bellingham Low Ultralite Sock,,16,Women,C5A3C867A3DFB776552DCFC804D4937E,3
176435,9482,03/03/2020 12:05:00,,5.711999953,Socks & Hosiery,KEEN Women Bellingham Low Ultralite Sock,,16,Women,C5A3C867A3DFB776552DCFC804D4937E,3
176436,9482,16/02/2023 08:12:00,,5.711999953,Socks & Hosiery,KEEN Women Bellingham Low Ultralite Sock,,16,Women,C5A3C867A3DFB776552DCFC804D4937E,3
324984,9482,15/01/2021 21:33:02,04/02/2021 10:45:02,5.711999953,Socks & Hosiery,KEEN Women Bellingham Low Ultralite Sock,,16,Women,C5A3C867A3DFB776552DCFC804D4937E,3
324985,9482,13/09/2022 15:14:00,,5.711999953,Socks & Hosiery,KEEN Women Bellingham Low Ultralite Sock,,16,Women,C5A3C867A3DFB776552DCFC804D4937E,3
329140,9482,09/10/2021 06:31:15,08/11/2021 14:56:15,5.711999953,Socks & Hosiery,KEEN Women Bellingham Low Ultralite Sock,,16,Women,C5A3C867A3DFB776552DCFC804D4937E,3
329141,9482,03/09/2022 15:06:00,,5.711999953,Socks & Hosiery,KEEN Women Bellingham Low Ultralite Sock,,16,Women,C5A3C867A3DFB776552DCFC804D4937E,3
3790,13863,18/12/2022 02:08:58,11/02/2023 06:07:58,9.554499963,Accessories,Husky Animal Hat with Mittens,,24.25,Women,7992308D89FF6B43BC197C8EF9BD934B,3
3791,13863,10/07/2023 04:38:00,,9.554499963,Accessories,Husky Animal Hat with Mittens,,24.25,Women,7992308D89FF6B43BC197C8EF9BD934B,3
256130,13863,09/10/2022 18:31:23,10/11/2022 05:45:23,9.554499963,Accessories,Husky Animal Hat with Mittens,,24.25,Women,7992308D89FF6B43BC197C8EF9BD934B,3
256131,13863,30/04/2021 05:16:00,,9.554499963,Accessories,Husky Animal Hat with Mittens,,24.25,Women,7992308D89FF6B43BC197C8EF9BD934B,3
256132,13863,05/04/2022 15:56:00,,9.554499963,Accessories,Husky Animal Hat with Mittens,,24.25,Women,7992308D89FF6B43BC197C8EF9BD934B,3
256133,13863,26/10/2020 13:42:00,,9.554499963,Accessories,Husky Animal Hat with Mittens,,24.25,Women,7992308D89FF6B43BC197C8EF9BD934B,3
406515,13863,06/08/2023 03:01:31,20/09/2023 22:42:31,9.554499963,Accessories,Husky Animal Hat with Mittens,,24.25,Women,7992308D89FF6B43BC197C8EF9BD934B,3
406516,13863,07/07/2023 02:51:00,,9.554499963,Accessories,Husky Animal Hat with Mittens,,24.25,Women,7992308D89FF6B43BC197C8EF9BD934B,3
12259,25135,30/10/2023 23:39:06,18/11/2023 12:06:06,12.47639974,Socks,Volcom Men's Argyle Socks,,22.47999954,Men,0DC76D68D436BB030EFBE3A8386EE47A,3
12260,25135,01/07/2023 07:25:00,,12.47639974,Socks,Volcom Men's Argyle Socks,,22.47999954,Men,0DC76D68D436BB030EFBE3A8386EE47A,3
21213,25135,26/12/2020 15:05:01,01/01/2021 05:45:01,12.47639974,Socks,Volcom Men's Argyle Socks,,22.47999954,Men,0DC76D68D436BB030EFBE3A8386EE47A,3
21214,25135,20/08/2020 17:45:00,,12.47639974,Socks,Volcom Men's Argyle Socks,,22.47999954,Men,0DC76D68D436BB030EFBE3A8386EE47A,3
32290,25135,02/05/2023 22:46:03,24/06/2023 00:36:03,12.47639974,Socks,Volcom Men's Argyle Socks,,22.47999954,Men,0DC76D68D436BB030EFBE3A8386EE47A,3
32291,25135,29/05/2021 14:38:00,,12.47639974,Socks,Volcom Men's Argyle Socks,,22.47999954,Men,0DC76D68D436BB030EFBE3A8386EE47A,3
32292,25135,27/11/2021 06:49:00,,12.47639974,Socks,Volcom Men's Argyle Socks,,22.47999954,Men,0DC76D68D436BB030EFBE3A8386EE47A,3
32293,25135,10/07/2021 05:54:00,,12.47639974,Socks,Volcom Men's Argyle Socks,,22.47999954,Men,0DC76D68D436BB030EFBE3A8386EE47A,3
158153,25135,18/08/2023 09:42:55,03/09/2023 15:26:55,12.47639974,Socks,Volcom Men's Argyle Socks,,22.47999954,Men,0DC76D68D436BB030EFBE3A8386EE47A,3
158154,25135,27/10/2023 09:08:00,,12.47639974,Socks,Volcom Men's Argyle Socks,,22.47999954,Men,0DC76D68D436BB030EFBE3A8386EE47A,3
158155,25135,15/11/2021 01:29:00,,12.47639974,Socks,Volcom Men's Argyle Socks,,22.47999954,Men,0DC76D68D436BB030EFBE3A8386EE47A,3
158156,25135,21/08/2021 16:31:00,,12.47639974,Socks,Volcom Men's Argyle Socks,,22.47999954,Men,0DC76D68D436BB030EFBE3A8386EE47A,3
236063,25135,10/09/2021 20:04:42,15/09/2021 16:36:42,12.47639974,Socks,Volcom Men's Argyle Socks,,22.47999954,Men,0DC76D68D436BB030EFBE3A8386EE47A,3
236064,25135,14/04/2021 10:08:00,,12.47639974,Socks,Volcom Men's Argyle Socks,,22.47999954,Men,0DC76D68D436BB030EFBE3A8386EE47A,3
266571,25135,28/03/2023 06:26:26,05/04/2023 06:18:26,12.47639974,Socks,Volcom Men's Argyle Socks,,22.47999954,Men,0DC76D68D436BB030EFBE3A8386EE47A,3
266572,25135,13/08/2021 05:03:00,,12.47639974,Socks,Volcom Men's Argyle Socks,,22.47999954,Men,0DC76D68D436BB030EFBE3A8386EE47A,3
266573,25135,23/06/2023 10:56:00,,12.47639974,Socks,Volcom Men's Argyle Socks,,22.47999954,Men,0DC76D68D436BB030EFBE3A8386EE47A,3
475879,25135,10/07/2023 11:00:00,24/08/2023 17:01:00,12.47639974,Socks,Volcom Men's Argyle Socks,,22.47999954,Men,0DC76D68D436BB030EFBE3A8386EE47A,3
475880,25135,21/02/2020 05:04:00,,12.47639974,Socks,Volcom Men's Argyle Socks,,22.47999954,Men,0DC76D68D436BB030EFBE3A8386EE47A,3
93384,11843,31/03/2021 02:08:08,29/05/2021 09:10:08,33.89999997,Intimates,Wendy Glez Rose Cami Black,,60,Women,B451DA363BB08B9A81CEADBADB5133EF,3
93385,11843,10/08/2022 05:44:00,,33.89999997,Intimates,Wendy Glez Rose Cami Black,,60,Women,B451DA363BB08B9A81CEADBADB5133EF,3
126539,11843,04/01/2022 15:28:42,05/03/2022 15:22:42,33.89999997,Intimates,Wendy Glez Rose Cami Black,,60,Women,B451DA363BB08B9A81CEADBADB5133EF,3
126540,11843,23/09/2020 03:49:00,,33.89999997,Intimates,Wendy Glez Rose Cami Black,,60,Women,B451DA363BB08B9A81CEADBADB5133EF,3
126541,11843,18/05/2020 04:30:00,,33.89999997,Intimates,Wendy Glez Rose Cami Black,,60,Women,B451DA363BB08B9A81CEADBADB5133EF,3
217709,11843,21/09/2023 14:06:14,05/11/2023 11:20:14,33.89999997,Intimates,Wendy Glez Rose Cami Black,,60,Women,B451DA363BB08B9A81CEADBADB5133EF,3
217710,11843,02/05/2023 13:45:00,,33.89999997,Intimates,Wendy Glez Rose Cami Black,,60,Women,B451DA363BB08B9A81CEADBADB5133EF,3
217711,11843,18/11/2022 12:07:00,,33.89999997,Intimates,Wendy Glez Rose Cami Black,,60,Women,B451DA363BB08B9A81CEADBADB5133EF,3
240933,11843,14/08/2020 15:11:42,04/10/2020 00:13:42,33.89999997,Intimates,Wendy Glez Rose Cami Black,,60,Women,B451DA363BB08B9A81CEADBADB5133EF,3
240934,11843,04/11/2023 11:30:00,,33.89999997,Intimates,Wendy Glez Rose Cami Black,,60,Women,B451DA363BB08B9A81CEADBADB5133EF,3
257253,11843,17/05/2023 07:07:45,27/06/2023 16:45:45,33.89999997,Intimates,Wendy Glez Rose Cami Black,,60,Women,B451DA363BB08B9A81CEADBADB5133EF,3
257254,11843,06/07/2022 16:15:00,,33.89999997,Intimates,Wendy Glez Rose Cami Black,,60,Women,B451DA363BB08B9A81CEADBADB5133EF,3
368200,11843,17/06/2023 16:05:18,21/06/2023 04:36:18,33.89999997,Intimates,Wendy Glez Rose Cami Black,,60,Women,B451DA363BB08B9A81CEADBADB5133EF,3
368201,11843,06/07/2023 15:15:00,,33.89999997,Intimates,Wendy Glez Rose Cami Black,,60,Women,B451DA363BB08B9A81CEADBADB5133EF,3
7020,1629,02/08/2020 07:06:45,14/09/2020 09:13:45,23.57235049,Fashion Hoodies & Sweatshirts,Carhartt Women's Hooded Knit Jacket,,45.95000076,Women,5C50B4DF4B176845CD235B6A510C6903,3
7021,1629,21/04/2021 01:48:00,,23.57235049,Fashion Hoodies & Sweatshirts,Carhartt Women's Hooded Knit Jacket,,45.95000076,Women,5C50B4DF4B176845CD235B6A510C6903,3
8707,1629,05/09/2023 23:45:37,06/09/2023 21:52:37,23.57235049,Fashion Hoodies & Sweatshirts,Carhartt Women's Hooded Knit Jacket,,45.95000076,Women,5C50B4DF4B176845CD235B6A510C6903,3
8708,1629,15/09/2023 14:09:00,,23.57235049,Fashion Hoodies & Sweatshirts,Carhartt Women's Hooded Knit Jacket,,45.95000076,Women,5C50B4DF4B176845CD235B6A510C6903,3
95537,1629,12/08/2022 09:24:15,05/10/2022 17:31:15,23.57235049,Fashion Hoodies & Sweatshirts,Carhartt Women's Hooded Knit Jacket,,45.95000076,Women,5C50B4DF4B176845CD235B6A510C6903,3
95538,1629,07/08/2022 12:46:00,,23.57235049,Fashion Hoodies & Sweatshirts,Carhartt Women's Hooded Knit Jacket,,45.95000076,Women,5C50B4DF4B176845CD235B6A510C6903,3
142578,1629,30/01/2019 17:23:57,20/03/2019 11:48:57,23.57235049,Fashion Hoodies & Sweatshirts,Carhartt Women's Hooded Knit Jacket,,45.95000076,Women,5C50B4DF4B176845CD235B6A510C6903,3
142579,1629,20/08/2022 07:57:00,,23.57235049,Fashion Hoodies & Sweatshirts,Carhartt Women's Hooded Knit Jacket,,45.95000076,Women,5C50B4DF4B176845CD235B6A510C6903,3
421886,1629,26/06/2023 14:45:40,03/08/2023 10:33:40,23.57235049,Fashion Hoodies & Sweatshirts,Carhartt Women's Hooded Knit Jacket,,45.95000076,Women,5C50B4DF4B176845CD235B6A510C6903,3
421887,1629,02/10/2022 09:23:00,,23.57235049,Fashion Hoodies & Sweatshirts,Carhartt Women's Hooded Knit Jacket,,45.95000076,Women,5C50B4DF4B176845CD235B6A510C6903,3
440046,1629,10/10/2022 21:08:59,02/12/2022 02:53:59,23.57235049,Fashion Hoodies & Sweatshirts,Carhartt Women's Hooded Knit Jacket,,45.95000076,Women,5C50B4DF4B176845CD235B6A510C6903,3
440047,1629,09/09/2022 09:19:00,,23.57235049,Fashion Hoodies & Sweatshirts,Carhartt Women's Hooded Knit Jacket,,45.95000076,Women,5C50B4DF4B176845CD235B6A510C6903,3
444750,1629,24/04/2023 18:23:18,14/06/2023 01:09:18,23.57235049,Fashion Hoodies & Sweatshirts,Carhartt Women's Hooded Knit Jacket,,45.95000076,Women,5C50B4DF4B176845CD235B6A510C6903,3
444751,1629,10/07/2020 11:32:00,,23.57235049,Fashion Hoodies & Sweatshirts,Carhartt Women's Hooded Knit Jacket,,45.95000076,Women,5C50B4DF4B176845CD235B6A510C6903,3
10392,13921,07/07/2022 12:20:02,11/07/2022 08:55:02,1.64190001,Accessories,NEW Aluminum Credit Card Wallet - RFID Blocking Case - Pink (New Products),,4.210000038,Women,0CBFF6DD75DF1F43E3ABAE409ED8A9FD,3
10393,13921,19/08/2021 01:53:00,,1.64190001,Accessories,NEW Aluminum Credit Card Wallet - RFID Blocking Case - Pink (New Products),,4.210000038,Women,0CBFF6DD75DF1F43E3ABAE409ED8A9FD,3
337768,13921,21/12/2022 19:16:10,14/01/2023 03:59:10,1.64190001,Accessories,NEW Aluminum Credit Card Wallet - RFID Blocking Case - Pink (New Products),,4.210000038,Women,0CBFF6DD75DF1F43E3ABAE409ED8A9FD,3
337769,13921,17/02/2020 15:40:00,,1.64190001,Accessories,NEW Aluminum Credit Card Wallet - RFID Blocking Case - Pink (New Products),,4.210000038,Women,0CBFF6DD75DF1F43E3ABAE409ED8A9FD,3
367543,13921,28/02/2023 06:07:32,28/04/2023 14:37:32,1.64190001,Accessories,NEW Aluminum Credit Card Wallet - RFID Blocking Case - Pink (New Products),,4.210000038,Women,0CBFF6DD75DF1F43E3ABAE409ED8A9FD,3
367544,13921,06/04/2020 01:16:00,,1.64190001,Accessories,NEW Aluminum Credit Card Wallet - RFID Blocking Case - Pink (New Products),,4.210000038,Women,0CBFF6DD75DF1F43E3ABAE409ED8A9FD,3
367545,13921,31/08/2023 16:25:00,,1.64190001,Accessories,NEW Aluminum Credit Card Wallet - RFID Blocking Case - Pink (New Products),,4.210000038,Women,0CBFF6DD75DF1F43E3ABAE409ED8A9FD,3
65775,25187,04/12/2021 04:53:59,13/12/2021 23:21:59,14.42500004,Socks,SockGuy Men's Kokopelli Socks,,25,Men,43A4D135B5225238F2ADBF88DC810A6B,3
65776,25187,21/08/2023 10:31:00,,14.42500004,Socks,SockGuy Men's Kokopelli Socks,,25,Men,43A4D135B5225238F2ADBF88DC810A6B,3
65777,25187,05/06/2021 01:50:00,,14.42500004,Socks,SockGuy Men's Kokopelli Socks,,25,Men,43A4D135B5225238F2ADBF88DC810A6B,3
203235,25187,07/09/2023 22:34:29,08/09/2023 15:26:29,14.42500004,Socks,SockGuy Men's Kokopelli Socks,,25,Men,43A4D135B5225238F2ADBF88DC810A6B,3
203236,25187,05/02/2023 02:22:00,,14.42500004,Socks,SockGuy Men's Kokopelli Socks,,25,Men,43A4D135B5225238F2ADBF88DC810A6B,3
336769,25187,24/01/2023 10:39:54,17/02/2023 02:37:54,14.42500004,Socks,SockGuy Men's Kokopelli Socks,,25,Men,43A4D135B5225238F2ADBF88DC810A6B,3
336770,25187,23/03/2022 08:14:00,,14.42500004,Socks,SockGuy Men's Kokopelli Socks,,25,Men,43A4D135B5225238F2ADBF88DC810A6B,3
336771,25187,15/10/2020 12:10:00,,14.42500004,Socks,SockGuy Men's Kokopelli Socks,,25,Men,43A4D135B5225238F2ADBF88DC810A6B,3
404507,25187,26/12/2022 02:56:47,22/01/2023 05:22:47,14.42500004,Socks,SockGuy Men's Kokopelli Socks,,25,Men,43A4D135B5225238F2ADBF88DC810A6B,3
404508,25187,16/04/2021 12:21:00,,14.42500004,Socks,SockGuy Men's Kokopelli Socks,,25,Men,43A4D135B5225238F2ADBF88DC810A6B,3
404509,25187,15/08/2022 13:01:00,,14.42500004,Socks,SockGuy Men's Kokopelli Socks,,25,Men,43A4D135B5225238F2ADBF88DC810A6B,3
404510,25187,22/08/2021 13:47:00,,14.42500004,Socks,SockGuy Men's Kokopelli Socks,,25,Men,43A4D135B5225238F2ADBF88DC810A6B,3
455151,25187,13/07/2023 11:29:43,09/08/2023 05:36:43,14.42500004,Socks,SockGuy Men's Kokopelli Socks,,25,Men,43A4D135B5225238F2ADBF88DC810A6B,3
455152,25187,07/10/2021 09:58:00,,14.42500004,Socks,SockGuy Men's Kokopelli Socks,,25,Men,43A4D135B5225238F2ADBF88DC810A6B,3
478625,25187,11/10/2023 21:31:44,11/11/2023 00:39:44,14.42500004,Socks,SockGuy Men's Kokopelli Socks,,25,Men,43A4D135B5225238F2ADBF88DC810A6B,3
478626,25187,30/05/2021 09:28:00,,14.42500004,Socks,SockGuy Men's Kokopelli Socks,,25,Men,43A4D135B5225238F2ADBF88DC810A6B,3
36690,10598,19/01/2023 12:22:36,24/02/2023 06:24:36,9.616399957,Intimates,JMS Comfort Lace with Hidden Shaper,,16.57999992,Women,E6FA05C07B144B6FF4D1FD1CD2BBB244,3
36691,10598,24/08/2022 11:23:00,,9.616399957,Intimates,JMS Comfort Lace with Hidden Shaper,,16.57999992,Women,E6FA05C07B144B6FF4D1FD1CD2BBB244,3
36692,10598,01/06/2022 02:23:00,,9.616399957,Intimates,JMS Comfort Lace with Hidden Shaper,,16.57999992,Women,E6FA05C07B144B6FF4D1FD1CD2BBB244,3
36693,10598,14/04/2021 05:49:00,,9.616399957,Intimates,JMS Comfort Lace with Hidden Shaper,,16.57999992,Women,E6FA05C07B144B6FF4D1FD1CD2BBB244,3
472074,10598,26/06/2023 20:38:44,25/08/2023 18:32:44,9.616399957,Intimates,JMS Comfort Lace with Hidden Shaper,,16.57999992,Women,E6FA05C07B144B6FF4D1FD1CD2BBB244,3
472075,10598,16/03/2021 06:00:00,,9.616399957,Intimates,JMS Comfort Lace with Hidden Shaper,,16.57999992,Women,E6FA05C07B144B6FF4D1FD1CD2BBB244,3
120890,15723,03/09/2023 09:46:47,09/10/2023 04:26:47,4.875119887,Plus,Vintage Wayfarer Nerd Retro 80s Mirrored Sunglasses W132,,9.989999771,Women,67F19FD0431CAC0AC7F8EA986BBF8B9B,3
120891,15723,23/05/2020 15:51:00,,4.875119887,Plus,Vintage Wayfarer Nerd Retro 80s Mirrored Sunglasses W132,,9.989999771,Women,67F19FD0431CAC0AC7F8EA986BBF8B9B,3
120892,15723,29/05/2023 09:28:00,,4.875119887,Plus,Vintage Wayfarer Nerd Retro 80s Mirrored Sunglasses W132,,9.989999771,Women,67F19FD0431CAC0AC7F8EA986BBF8B9B,3
120893,15723,04/01/2023 16:13:00,,4.875119887,Plus,Vintage Wayfarer Nerd Retro 80s Mirrored Sunglasses W132,,9.989999771,Women,67F19FD0431CAC0AC7F8EA986BBF8B9B,3
285566,15723,06/12/2021 14:28:06,29/01/2022 15:11:06,4.875119887,Plus,Vintage Wayfarer Nerd Retro 80s Mirrored Sunglasses W132,,9.989999771,Women,67F19FD0431CAC0AC7F8EA986BBF8B9B,3
285567,15723,27/11/2022 17:24:00,,4.875119887,Plus,Vintage Wayfarer Nerd Retro 80s Mirrored Sunglasses W132,,9.989999771,Women,67F19FD0431CAC0AC7F8EA986BBF8B9B,3
295672,15723,28/04/2023 13:53:08,08/06/2023 11:35:08,4.875119887,Plus,Vintage Wayfarer Nerd Retro 80s Mirrored Sunglasses W132,,9.989999771,Women,67F19FD0431CAC0AC7F8EA986BBF8B9B,3
295673,15723,15/04/2023 05:32:00,,4.875119887,Plus,Vintage Wayfarer Nerd Retro 80s Mirrored Sunglasses W132,,9.989999771,Women,67F19FD0431CAC0AC7F8EA986BBF8B9B,3
295674,15723,15/11/2021 10:39:00,,4.875119887,Plus,Vintage Wayfarer Nerd Retro 80s Mirrored Sunglasses W132,,9.989999771,Women,67F19FD0431CAC0AC7F8EA986BBF8B9B,3
311458,15723,22/02/2022 05:06:00,04/04/2022 07:13:00,4.875119887,Plus,Vintage Wayfarer Nerd Retro 80s Mirrored Sunglasses W132,,9.989999771,Women,67F19FD0431CAC0AC7F8EA986BBF8B9B,3
311459,15723,15/10/2020 12:32:00,,4.875119887,Plus,Vintage Wayfarer Nerd Retro 80s Mirrored Sunglasses W132,,9.989999771,Women,67F19FD0431CAC0AC7F8EA986BBF8B9B,3
350947,15723,23/04/2020 04:26:48,21/06/2020 14:31:48,4.875119887,Plus,Vintage Wayfarer Nerd Retro 80s Mirrored Sunglasses W132,,9.989999771,Women,67F19FD0431CAC0AC7F8EA986BBF8B9B,3
350948,15723,16/07/2022 02:27:00,,4.875119887,Plus,Vintage Wayfarer Nerd Retro 80s Mirrored Sunglasses W132,,9.989999771,Women,67F19FD0431CAC0AC7F8EA986BBF8B9B,3
350949,15723,22/04/2023 08:04:00,,4.875119887,Plus,Vintage Wayfarer Nerd Retro 80s Mirrored Sunglasses W132,,9.989999771,Women,67F19FD0431CAC0AC7F8EA986BBF8B9B,3
350950,15723,19/06/2022 15:44:00,,4.875119887,Plus,Vintage Wayfarer Nerd Retro 80s Mirrored Sunglasses W132,,9.989999771,Women,67F19FD0431CAC0AC7F8EA986BBF8B9B,3
369644,15723,07/11/2021 17:29:52,18/11/2021 23:51:52,4.875119887,Plus,Vintage Wayfarer Nerd Retro 80s Mirrored Sunglasses W132,,9.989999771,Women,67F19FD0431CAC0AC7F8EA986BBF8B9B,3
369645,15723,19/04/2022 03:01:00,,4.875119887,Plus,Vintage Wayfarer Nerd Retro 80s Mirrored Sunglasses W132,,9.989999771,Women,67F19FD0431CAC0AC7F8EA986BBF8B9B,3
418176,15723,17/06/2022 03:14:20,25/06/2022 12:45:20,4.875119887,Plus,Vintage Wayfarer Nerd Retro 80s Mirrored Sunglasses W132,,9.989999771,Women,67F19FD0431CAC0AC7F8EA986BBF8B9B,3
418177,15723,30/05/2022 12:39:00,,4.875119887,Plus,Vintage Wayfarer Nerd Retro 80s Mirrored Sunglasses W132,,9.989999771,Women,67F19FD0431CAC0AC7F8EA986BBF8B9B,3
21086,11389,01/10/2023 01:22:46,18/11/2023 15:30:46,12.51199999,Intimates,Shadowline 36 Flare Half Slip (47116),,23,Women,47C6D232C6A4468118A74A72097B1876,3
21087,11389,09/08/2023 15:36:00,,12.51199999,Intimates,Shadowline 36 Flare Half Slip (47116),,23,Women,47C6D232C6A4468118A74A72097B1876,3
69553,11389,25/06/2023 16:42:09,10/08/2023 02:41:09,12.51199999,Intimates,Shadowline 36 Flare Half Slip (47116),,23,Women,47C6D232C6A4468118A74A72097B1876,3
69554,11389,10/04/2020 03:31:00,,12.51199999,Intimates,Shadowline 36 Flare Half Slip (47116),,23,Women,47C6D232C6A4468118A74A72097B1876,3
267163,11389,01/05/2019 02:04:30,14/06/2019 00:21:30,12.51199999,Intimates,Shadowline 36 Flare Half Slip (47116),,23,Women,47C6D232C6A4468118A74A72097B1876,3
267164,11389,05/08/2022 10:25:00,,12.51199999,Intimates,Shadowline 36 Flare Half Slip (47116),,23,Women,47C6D232C6A4468118A74A72097B1876,3
267165,11389,01/10/2020 08:23:00,,12.51199999,Intimates,Shadowline 36 Flare Half Slip (47116),,23,Women,47C6D232C6A4468118A74A72097B1876,3
460871,11389,20/06/2023 13:47:16,14/07/2023 06:37:16,12.51199999,Intimates,Shadowline 36 Flare Half Slip (47116),,23,Women,47C6D232C6A4468118A74A72097B1876,3
460872,11389,20/05/2021 17:06:00,,12.51199999,Intimates,Shadowline 36 Flare Half Slip (47116),,23,Women,47C6D232C6A4468118A74A72097B1876,3
460873,11389,18/10/2021 04:10:00,,12.51199999,Intimates,Shadowline 36 Flare Half Slip (47116),,23,Women,47C6D232C6A4468118A74A72097B1876,3
460874,11389,08/06/2022 09:44:00,,12.51199999,Intimates,Shadowline 36 Flare Half Slip (47116),,23,Women,47C6D232C6A4468118A74A72097B1876,3
466137,11389,30/05/2023 09:33:38,23/06/2023 02:27:38,12.51199999,Intimates,Shadowline 36 Flare Half Slip (47116),,23,Women,47C6D232C6A4468118A74A72097B1876,3
466138,11389,17/03/2021 05:04:00,,12.51199999,Intimates,Shadowline 36 Flare Half Slip (47116),,23,Women,47C6D232C6A4468118A74A72097B1876,3
475062,11389,30/07/2022 03:53:56,07/09/2022 12:49:56,12.51199999,Intimates,Shadowline 36 Flare Half Slip (47116),,23,Women,47C6D232C6A4468118A74A72097B1876,3
475063,11389,01/07/2023 10:26:00,,12.51199999,Intimates,Shadowline 36 Flare Half Slip (47116),,23,Women,47C6D232C6A4468118A74A72097B1876,3
475064,11389,12/12/2020 09:20:00,,12.51199999,Intimates,Shadowline 36 Flare Half Slip (47116),,23,Women,47C6D232C6A4468118A74A72097B1876,3
475065,11389,10/11/2022 17:34:00,,12.51199999,Intimates,Shadowline 36 Flare Half Slip (47116),,23,Women,47C6D232C6A4468118A74A72097B1876,3
60898,15757,22/08/2023 08:13:20,21/10/2023 07:06:20,2.235510018,Plus,NEW Aluminum Credit Card Wallet - RFID Blocking Case - Pink (New Products),,4.210000038,Women,054826216783428249A279BA5B984315,3
60899,15757,22/03/2022 05:14:00,,2.235510018,Plus,NEW Aluminum Credit Card Wallet - RFID Blocking Case - Pink (New Products),,4.210000038,Women,054826216783428249A279BA5B984315,3
60900,15757,06/10/2020 08:45:00,,2.235510018,Plus,NEW Aluminum Credit Card Wallet - RFID Blocking Case - Pink (New Products),,4.210000038,Women,054826216783428249A279BA5B984315,3
119619,15757,07/03/2023 23:32:46,03/05/2023 09:50:46,2.235510018,Plus,NEW Aluminum Credit Card Wallet - RFID Blocking Case - Pink (New Products),,4.210000038,Women,054826216783428249A279BA5B984315,3
119620,15757,31/01/2020 09:06:00,,2.235510018,Plus,NEW Aluminum Credit Card Wallet - RFID Blocking Case - Pink (New Products),,4.210000038,Women,054826216783428249A279BA5B984315,3
119621,15757,02/01/2021 10:55:00,,2.235510018,Plus,NEW Aluminum Credit Card Wallet - RFID Blocking Case - Pink (New Products),,4.210000038,Women,054826216783428249A279BA5B984315,3
119622,15757,13/07/2021 17:05:00,,2.235510018,Plus,NEW Aluminum Credit Card Wallet - RFID Blocking Case - Pink (New Products),,4.210000038,Women,054826216783428249A279BA5B984315,3
194265,15757,15/06/2019 09:09:47,03/08/2019 01:47:47,2.235510018,Plus,NEW Aluminum Credit Card Wallet - RFID Blocking Case - Pink (New Products),,4.210000038,Women,054826216783428249A279BA5B984315,3
194266,15757,28/05/2022 03:55:00,,2.235510018,Plus,NEW Aluminum Credit Card Wallet - RFID Blocking Case - Pink (New Products),,4.210000038,Women,054826216783428249A279BA5B984315,3
194267,15757,30/10/2022 04:14:00,,2.235510018,Plus,NEW Aluminum Credit Card Wallet - RFID Blocking Case - Pink (New Products),,4.210000038,Women,054826216783428249A279BA5B984315,3
194268,15757,27/08/2021 16:00:00,,2.235510018,Plus,NEW Aluminum Credit Card Wallet - RFID Blocking Case - Pink (New Products),,4.210000038,Women,054826216783428249A279BA5B984315,3
238210,15757,01/12/2022 02:16:04,22/01/2023 13:51:04,2.235510018,Plus,NEW Aluminum Credit Card Wallet - RFID Blocking Case - Pink (New Products),,4.210000038,Women,054826216783428249A279BA5B984315,3
238211,15757,12/05/2020 08:24:00,,2.235510018,Plus,NEW Aluminum Credit Card Wallet - RFID Blocking Case - Pink (New Products),,4.210000038,Women,054826216783428249A279BA5B984315,3
238212,15757,26/03/2022 14:36:00,,2.235510018,Plus,NEW Aluminum Credit Card Wallet - RFID Blocking Case - Pink (New Products),,4.210000038,Women,054826216783428249A279BA5B984315,3
258364,15757,20/03/2021 17:35:40,02/05/2021 03:13:40,2.235510018,Plus,NEW Aluminum Credit Card Wallet - RFID Blocking Case - Pink (New Products),,4.210000038,Women,054826216783428249A279BA5B984315,3
258365,15757,08/11/2022 00:47:00,,2.235510018,Plus,NEW Aluminum Credit Card Wallet - RFID Blocking Case - Pink (New Products),,4.210000038,Women,054826216783428249A279BA5B984315,3
258366,15757,23/01/2022 05:27:00,,2.235510018,Plus,NEW Aluminum Credit Card Wallet - RFID Blocking Case - Pink (New Products),,4.210000038,Women,054826216783428249A279BA5B984315,3
398549,15757,02/11/2021 21:03:40,14/11/2021 09:17:40,2.235510018,Plus,NEW Aluminum Credit Card Wallet - RFID Blocking Case - Pink (New Products),,4.210000038,Women,054826216783428249A279BA5B984315,3
398550,15757,19/02/2023 15:23:00,,2.235510018,Plus,NEW Aluminum Credit Card Wallet - RFID Blocking Case - Pink (New Products),,4.210000038,Women,054826216783428249A279BA5B984315,3
409359,15757,02/11/2020 19:58:33,15/11/2020 06:28:33,2.235510018,Plus,NEW Aluminum Credit Card Wallet - RFID Blocking Case - Pink (New Products),,4.210000038,Women,054826216783428249A279BA5B984315,3
409360,15757,07/05/2023 06:34:00,,2.235510018,Plus,NEW Aluminum Credit Card Wallet - RFID Blocking Case - Pink (New Products),,4.210000038,Women,054826216783428249A279BA5B984315,3
438958,15757,22/09/2023 04:38:56,24/09/2023 14:51:56,2.235510018,Plus,NEW Aluminum Credit Card Wallet - RFID Blocking Case - Pink (New Products),,4.210000038,Women,054826216783428249A279BA5B984315,3
438959,15757,03/12/2020 18:58:00,,2.235510018,Plus,NEW Aluminum Credit Card Wallet - RFID Blocking Case - Pink (New Products),,4.210000038,Women,054826216783428249A279BA5B984315,3
438960,15757,20/10/2023 03:09:00,,2.235510018,Plus,NEW Aluminum Credit Card Wallet - RFID Blocking Case - Pink (New Products),,4.210000038,Women,054826216783428249A279BA5B984315,3
438961,15757,19/04/2022 12:57:00,,2.235510018,Plus,NEW Aluminum Credit Card Wallet - RFID Blocking Case - Pink (New Products),,4.210000038,Women,054826216783428249A279BA5B984315,3
446695,15757,03/05/2023 03:03:08,27/05/2023 11:03:08,2.235510018,Plus,NEW Aluminum Credit Card Wallet - RFID Blocking Case - Pink (New Products),,4.210000038,Women,054826216783428249A279BA5B984315,3
446696,15757,02/07/2021 12:40:00,,2.235510018,Plus,NEW Aluminum Credit Card Wallet - RFID Blocking Case - Pink (New Products),,4.210000038,Women,054826216783428249A279BA5B984315,3
446697,15757,27/01/2021 01:58:00,,2.235510018,Plus,NEW Aluminum Credit Card Wallet - RFID Blocking Case - Pink (New Products),,4.210000038,Women,054826216783428249A279BA5B984315,3
446698,15757,01/05/2021 12:02:00,,2.235510018,Plus,NEW Aluminum Credit Card Wallet - RFID Blocking Case - Pink (New Products),,4.210000038,Women,054826216783428249A279BA5B984315,3
315398,11668,19/05/2023 10:08:14,15/06/2023 21:14:14,18.66240072,Intimates,Everyday Comfort Cami,,38.40000153,Women,67E4423AFD0FFD2F451890C0888E6F33,3
315399,11668,10/09/2020 09:36:00,,18.66240072,Intimates,Everyday Comfort Cami,,38.40000153,Women,67E4423AFD0FFD2F451890C0888E6F33,3
315400,11668,06/02/2020 16:41:00,,18.66240072,Intimates,Everyday Comfort Cami,,38.40000153,Women,67E4423AFD0FFD2F451890C0888E6F33,3
462278,11668,15/11/2023 18:38:52,21/11/2023 12:14:52,18.66240072,Intimates,Everyday Comfort Cami,,38.40000153,Women,67E4423AFD0FFD2F451890C0888E6F33,3
462279,11668,24/01/2022 06:29:00,,18.66240072,Intimates,Everyday Comfort Cami,,38.40000153,Women,67E4423AFD0FFD2F451890C0888E6F33,3
23115,27543,06/01/2023 23:31:28,31/01/2023 06:15:28,19.87200004,Swim,Harbor Bay Big & Tall Swim Rash Guard,,36,Men,50E9EA9C1BC5E6067AB7C0D8FBDD5F21,3
23116,27543,28/10/2020 00:15:00,,19.87200004,Swim,Harbor Bay Big & Tall Swim Rash Guard,,36,Men,50E9EA9C1BC5E6067AB7C0D8FBDD5F21,3
57849,27543,15/12/2022 23:13:15,09/02/2023 04:53:15,19.87200004,Swim,Harbor Bay Big & Tall Swim Rash Guard,,36,Men,50E9EA9C1BC5E6067AB7C0D8FBDD5F21,3
57850,27543,09/07/2020 00:28:00,,19.87200004,Swim,Harbor Bay Big & Tall Swim Rash Guard,,36,Men,50E9EA9C1BC5E6067AB7C0D8FBDD5F21,3
57851,27543,01/12/2022 18:49:00,,19.87200004,Swim,Harbor Bay Big & Tall Swim Rash Guard,,36,Men,50E9EA9C1BC5E6067AB7C0D8FBDD5F21,3
57852,27543,29/08/2021 02:23:00,,19.87200004,Swim,Harbor Bay Big & Tall Swim Rash Guard,,36,Men,50E9EA9C1BC5E6067AB7C0D8FBDD5F21,3
116448,27543,31/12/2021 12:57:06,22/01/2022 10:13:06,19.87200004,Swim,Harbor Bay Big & Tall Swim Rash Guard,,36,Men,50E9EA9C1BC5E6067AB7C0D8FBDD5F21,3
116449,27543,16/05/2020 02:21:00,,19.87200004,Swim,Harbor Bay Big & Tall Swim Rash Guard,,36,Men,50E9EA9C1BC5E6067AB7C0D8FBDD5F21,3
173670,27543,14/09/2022 20:31:29,30/10/2022 16:03:29,19.87200004,Swim,Harbor Bay Big & Tall Swim Rash Guard,,36,Men,50E9EA9C1BC5E6067AB7C0D8FBDD5F21,3
173671,27543,15/04/2023 16:39:00,,19.87200004,Swim,Harbor Bay Big & Tall Swim Rash Guard,,36,Men,50E9EA9C1BC5E6067AB7C0D8FBDD5F21,3
173672,27543,27/03/2022 11:46:00,,19.87200004,Swim,Harbor Bay Big & Tall Swim Rash Guard,,36,Men,50E9EA9C1BC5E6067AB7C0D8FBDD5F21,3
29399,8600,11/08/2020 13:27:12,25/08/2020 23:03:12,16.01555072,Outerwear & Coats,Women's Micro Fleece Vest (up to size 4X),,35.99000168,Women,CE840AA9583592E71F3DB26EE6E41703,3
29400,8600,05/02/2022 15:54:00,,16.01555072,Outerwear & Coats,Women's Micro Fleece Vest (up to size 4X),,35.99000168,Women,CE840AA9583592E71F3DB26EE6E41703,3
114895,8600,21/07/2020 01:57:06,04/09/2020 06:11:06,16.01555072,Outerwear & Coats,Women's Micro Fleece Vest (up to size 4X),,35.99000168,Women,CE840AA9583592E71F3DB26EE6E41703,3
114896,8600,30/10/2023 06:57:00,,16.01555072,Outerwear & Coats,Women's Micro Fleece Vest (up to size 4X),,35.99000168,Women,CE840AA9583592E71F3DB26EE6E41703,3
140057,8600,03/09/2023 15:20:19,01/11/2023 18:18:19,16.01555072,Outerwear & Coats,Women's Micro Fleece Vest (up to size 4X),,35.99000168,Women,CE840AA9583592E71F3DB26EE6E41703,3
140058,8600,16/08/2023 06:00:00,,16.01555072,Outerwear & Coats,Women's Micro Fleece Vest (up to size 4X),,35.99000168,Women,CE840AA9583592E71F3DB26EE6E41703,3
167954,8600,21/07/2022 19:33:41,19/08/2022 04:31:41,16.01555072,Outerwear & Coats,Women's Micro Fleece Vest (up to size 4X),,35.99000168,Women,CE840AA9583592E71F3DB26EE6E41703,3
167955,8600,27/06/2020 00:31:00,,16.01555072,Outerwear & Coats,Women's Micro Fleece Vest (up to size 4X),,35.99000168,Women,CE840AA9583592E71F3DB26EE6E41703,3
167956,8600,01/08/2020 07:42:00,,16.01555072,Outerwear & Coats,Women's Micro Fleece Vest (up to size 4X),,35.99000168,Women,CE840AA9583592E71F3DB26EE6E41703,3
169250,8600,15/06/2023 03:43:05,11/07/2023 12:33:05,16.01555072,Outerwear & Coats,Women's Micro Fleece Vest (up to size 4X),,35.99000168,Women,CE840AA9583592E71F3DB26EE6E41703,3
169251,8600,06/02/2022 03:38:00,,16.01555072,Outerwear & Coats,Women's Micro Fleece Vest (up to size 4X),,35.99000168,Women,CE840AA9583592E71F3DB26EE6E41703,3
385078,8600,11/12/2022 06:20:48,02/01/2023 14:53:48,16.01555072,Outerwear & Coats,Women's Micro Fleece Vest (up to size 4X),,35.99000168,Women,CE840AA9583592E71F3DB26EE6E41703,3
385079,8600,30/11/2020 09:56:00,,16.01555072,Outerwear & Coats,Women's Micro Fleece Vest (up to size 4X),,35.99000168,Women,CE840AA9583592E71F3DB26EE6E41703,3
409109,8600,24/03/2022 05:13:15,12/05/2022 02:01:15,16.01555072,Outerwear & Coats,Women's Micro Fleece Vest (up to size 4X),,35.99000168,Women,CE840AA9583592E71F3DB26EE6E41703,3
409110,8600,06/09/2023 18:20:00,,16.01555072,Outerwear & Coats,Women's Micro Fleece Vest (up to size 4X),,35.99000168,Women,CE840AA9583592E71F3DB26EE6E41703,3
464940,8600,09/07/2022 05:58:26,25/07/2022 05:00:26,16.01555072,Outerwear & Coats,Women's Micro Fleece Vest (up to size 4X),,35.99000168,Women,CE840AA9583592E71F3DB26EE6E41703,3
464941,8600,26/02/2020 01:34:00,,16.01555072,Outerwear & Coats,Women's Micro Fleece Vest (up to size 4X),,35.99000168,Women,CE840AA9583592E71F3DB26EE6E41703,3
464942,8600,10/02/2020 02:12:00,,16.01555072,Outerwear & Coats,Women's Micro Fleece Vest (up to size 4X),,35.99000168,Women,CE840AA9583592E71F3DB26EE6E41703,3
464943,8600,13/09/2022 03:12:00,,16.01555072,Outerwear & Coats,Women's Micro Fleece Vest (up to size 4X),,35.99000168,Women,CE840AA9583592E71F3DB26EE6E41703,3
32986,27288,18/12/2022 19:53:25,15/01/2023 03:45:25,12.72660988,Sleep & Lounge,White and Black Check Dot VIP Flannel Pants for lounging sleep sports. Unisex relaxed fit,,28.98999977,Men,97FB74BBDD02677ADC1A871FDD16AC7A,3
32987,27288,12/03/2022 05:23:00,,12.72660988,Sleep & Lounge,White and Black Check Dot VIP Flannel Pants for lounging sleep sports. Unisex relaxed fit,,28.98999977,Men,97FB74BBDD02677ADC1A871FDD16AC7A,3
32988,27288,29/12/2022 02:42:00,,12.72660988,Sleep & Lounge,White and Black Check Dot VIP Flannel Pants for lounging sleep sports. Unisex relaxed fit,,28.98999977,Men,97FB74BBDD02677ADC1A871FDD16AC7A,3
53460,27288,21/12/2022 00:03:38,13/02/2023 01:18:38,12.72660988,Sleep & Lounge,White and Black Check Dot VIP Flannel Pants for lounging sleep sports. Unisex relaxed fit,,28.98999977,Men,97FB74BBDD02677ADC1A871FDD16AC7A,3
53461,27288,12/11/2020 03:20:00,,12.72660988,Sleep & Lounge,White and Black Check Dot VIP Flannel Pants for lounging sleep sports. Unisex relaxed fit,,28.98999977,Men,97FB74BBDD02677ADC1A871FDD16AC7A,3
53462,27288,27/01/2020 03:24:00,,12.72660988,Sleep & Lounge,White and Black Check Dot VIP Flannel Pants for lounging sleep sports. Unisex relaxed fit,,28.98999977,Men,97FB74BBDD02677ADC1A871FDD16AC7A,3
53463,27288,25/04/2023 00:13:00,,12.72660988,Sleep & Lounge,White and Black Check Dot VIP Flannel Pants for lounging sleep sports. Unisex relaxed fit,,28.98999977,Men,97FB74BBDD02677ADC1A871FDD16AC7A,3
88009,27288,22/03/2021 03:17:13,18/04/2021 00:14:13,12.72660988,Sleep & Lounge,White and Black Check Dot VIP Flannel Pants for lounging sleep sports. Unisex relaxed fit,,28.98999977,Men,97FB74BBDD02677ADC1A871FDD16AC7A,3
88010,27288,16/12/2021 12:11:00,,12.72660988,Sleep & Lounge,White and Black Check Dot VIP Flannel Pants for lounging sleep sports. Unisex relaxed fit,,28.98999977,Men,97FB74BBDD02677ADC1A871FDD16AC7A,3
88011,27288,16/07/2020 17:05:00,,12.72660988,Sleep & Lounge,White and Black Check Dot VIP Flannel Pants for lounging sleep sports. Unisex relaxed fit,,28.98999977,Men,97FB74BBDD02677ADC1A871FDD16AC7A,3
156202,27288,14/05/2023 01:47:46,18/06/2023 13:58:46,12.72660988,Sleep & Lounge,White and Black Check Dot VIP Flannel Pants for lounging sleep sports. Unisex relaxed fit,,28.98999977,Men,97FB74BBDD02677ADC1A871FDD16AC7A,3
156203,27288,15/04/2020 08:45:00,,12.72660988,Sleep & Lounge,White and Black Check Dot VIP Flannel Pants for lounging sleep sports. Unisex relaxed fit,,28.98999977,Men,97FB74BBDD02677ADC1A871FDD16AC7A,3
158264,27288,03/12/2022 20:46:28,31/12/2022 16:16:28,12.72660988,Sleep & Lounge,White and Black Check Dot VIP Flannel Pants for lounging sleep sports. Unisex relaxed fit,,28.98999977,Men,97FB74BBDD02677ADC1A871FDD16AC7A,3
158265,27288,27/05/2023 07:27:00,,12.72660988,Sleep & Lounge,White and Black Check Dot VIP Flannel Pants for lounging sleep sports. Unisex relaxed fit,,28.98999977,Men,97FB74BBDD02677ADC1A871FDD16AC7A,3
158266,27288,20/05/2022 03:22:00,,12.72660988,Sleep & Lounge,White and Black Check Dot VIP Flannel Pants for lounging sleep sports. Unisex relaxed fit,,28.98999977,Men,97FB74BBDD02677ADC1A871FDD16AC7A,3
158267,27288,03/03/2023 16:19:00,,12.72660988,Sleep & Lounge,White and Black Check Dot VIP Flannel Pants for lounging sleep sports. Unisex relaxed fit,,28.98999977,Men,97FB74BBDD02677ADC1A871FDD16AC7A,3
234499,27288,28/09/2023 03:16:28,20/10/2023 12:52:28,12.72660988,Sleep & Lounge,White and Black Check Dot VIP Flannel Pants for lounging sleep sports. Unisex relaxed fit,,28.98999977,Men,97FB74BBDD02677ADC1A871FDD16AC7A,3
234500,27288,12/06/2021 05:38:00,,12.72660988,Sleep & Lounge,White and Black Check Dot VIP Flannel Pants for lounging sleep sports. Unisex relaxed fit,,28.98999977,Men,97FB74BBDD02677ADC1A871FDD16AC7A,3
248744,27288,03/10/2023 02:42:19,12/11/2023 05:17:19,12.72660988,Sleep & Lounge,White and Black Check Dot VIP Flannel Pants for lounging sleep sports. Unisex relaxed fit,,28.98999977,Men,97FB74BBDD02677ADC1A871FDD16AC7A,3
248745,27288,19/04/2020 09:41:00,,12.72660988,Sleep & Lounge,White and Black Check Dot VIP Flannel Pants for lounging sleep sports. Unisex relaxed fit,,28.98999977,Men,97FB74BBDD02677ADC1A871FDD16AC7A,3
302120,27288,28/06/2022 01:26:30,10/08/2022 10:40:30,12.72660988,Sleep & Lounge,White and Black Check Dot VIP Flannel Pants for lounging sleep sports. Unisex relaxed fit,,28.98999977,Men,97FB74BBDD02677ADC1A871FDD16AC7A,3
302121,27288,24/07/2021 14:35:00,,12.72660988,Sleep & Lounge,White and Black Check Dot VIP Flannel Pants for lounging sleep sports. Unisex relaxed fit,,28.98999977,Men,97FB74BBDD02677ADC1A871FDD16AC7A,3
302122,27288,16/12/2020 03:49:00,,12.72660988,Sleep & Lounge,White and Black Check Dot VIP Flannel Pants for lounging sleep sports. Unisex relaxed fit,,28.98999977,Men,97FB74BBDD02677ADC1A871FDD16AC7A,3
302123,27288,02/12/2021 12:07:00,,12.72660988,Sleep & Lounge,White and Black Check Dot VIP Flannel Pants for lounging sleep sports. Unisex relaxed fit,,28.98999977,Men,97FB74BBDD02677ADC1A871FDD16AC7A,3
337382,27288,03/10/2023 13:50:16,17/11/2023 01:33:16,12.72660988,Sleep & Lounge,White and Black Check Dot VIP Flannel Pants for lounging sleep sports. Unisex relaxed fit,,28.98999977,Men,97FB74BBDD02677ADC1A871FDD16AC7A,3
337383,27288,06/10/2022 13:40:00,,12.72660988,Sleep & Lounge,White and Black Check Dot VIP Flannel Pants for lounging sleep sports. Unisex relaxed fit,,28.98999977,Men,97FB74BBDD02677ADC1A871FDD16AC7A,3
337384,27288,30/10/2021 05:07:00,,12.72660988,Sleep & Lounge,White and Black Check Dot VIP Flannel Pants for lounging sleep sports. Unisex relaxed fit,,28.98999977,Men,97FB74BBDD02677ADC1A871FDD16AC7A,3
340454,27288,13/10/2023 03:52:08,02/11/2023 10:02:08,12.72660988,Sleep & Lounge,White and Black Check Dot VIP Flannel Pants for lounging sleep sports. Unisex relaxed fit,,28.98999977,Men,97FB74BBDD02677ADC1A871FDD16AC7A,3
340455,27288,20/10/2023 16:24:00,,12.72660988,Sleep & Lounge,White and Black Check Dot VIP Flannel Pants for lounging sleep sports. Unisex relaxed fit,,28.98999977,Men,97FB74BBDD02677ADC1A871FDD16AC7A,3
362024,27288,11/12/2021 20:05:32,04/02/2022 03:44:32,12.72660988,Sleep & Lounge,White and Black Check Dot VIP Flannel Pants for lounging sleep sports. Unisex relaxed fit,,28.98999977,Men,97FB74BBDD02677ADC1A871FDD16AC7A,3
362025,27288,12/02/2022 07:31:00,,12.72660988,Sleep & Lounge,White and Black Check Dot VIP Flannel Pants for lounging sleep sports. Unisex relaxed fit,,28.98999977,Men,97FB74BBDD02677ADC1A871FDD16AC7A,3
362026,27288,23/07/2020 16:13:00,,12.72660988,Sleep & Lounge,White and Black Check Dot VIP Flannel Pants for lounging sleep sports. Unisex relaxed fit,,28.98999977,Men,97FB74BBDD02677ADC1A871FDD16AC7A,3
388601,27288,12/04/2023 23:13:31,26/05/2023 23:57:31,12.72660988,Sleep & Lounge,White and Black Check Dot VIP Flannel Pants for lounging sleep sports. Unisex relaxed fit,,28.98999977,Men,97FB74BBDD02677ADC1A871FDD16AC7A,3
388602,27288,04/06/2023 02:32:00,,12.72660988,Sleep & Lounge,White and Black Check Dot VIP Flannel Pants for lounging sleep sports. Unisex relaxed fit,,28.98999977,Men,97FB74BBDD02677ADC1A871FDD16AC7A,3
388603,27288,09/06/2021 02:22:00,,12.72660988,Sleep & Lounge,White and Black Check Dot VIP Flannel Pants for lounging sleep sports. Unisex relaxed fit,,28.98999977,Men,97FB74BBDD02677ADC1A871FDD16AC7A,3
388604,27288,30/10/2023 11:20:00,,12.72660988,Sleep & Lounge,White and Black Check Dot VIP Flannel Pants for lounging sleep sports. Unisex relaxed fit,,28.98999977,Men,97FB74BBDD02677ADC1A871FDD16AC7A,3
403146,27288,28/12/2022 09:15:55,21/01/2023 01:38:55,12.72660988,Sleep & Lounge,White and Black Check Dot VIP Flannel Pants for lounging sleep sports. Unisex relaxed fit,,28.98999977,Men,97FB74BBDD02677ADC1A871FDD16AC7A,3
403147,27288,26/09/2023 07:58:00,,12.72660988,Sleep & Lounge,White and Black Check Dot VIP Flannel Pants for lounging sleep sports. Unisex relaxed fit,,28.98999977,Men,97FB74BBDD02677ADC1A871FDD16AC7A,3
23372,16559,13/07/2022 16:57:46,17/07/2022 12:46:46,14.94424982,Tops & Tees,Gildan Adult Ultra CottonTM Sleeveless T-Shirt,,25.98999977,Men,DC0FC2D90D6102BA02D0206857EAAC51,3
23373,16559,25/05/2023 01:53:00,,14.94424982,Tops & Tees,Gildan Adult Ultra CottonTM Sleeveless T-Shirt,,25.98999977,Men,DC0FC2D90D6102BA02D0206857EAAC51,3
23374,16559,23/10/2022 18:21:00,,14.94424982,Tops & Tees,Gildan Adult Ultra CottonTM Sleeveless T-Shirt,,25.98999977,Men,DC0FC2D90D6102BA02D0206857EAAC51,3
60611,16559,19/02/2023 21:27:36,10/04/2023 06:20:36,14.94424982,Tops & Tees,Gildan Adult Ultra CottonTM Sleeveless T-Shirt,,25.98999977,Men,DC0FC2D90D6102BA02D0206857EAAC51,3
60612,16559,04/11/2020 06:51:00,,14.94424982,Tops & Tees,Gildan Adult Ultra CottonTM Sleeveless T-Shirt,,25.98999977,Men,DC0FC2D90D6102BA02D0206857EAAC51,3
60613,16559,31/05/2023 01:54:00,,14.94424982,Tops & Tees,Gildan Adult Ultra CottonTM Sleeveless T-Shirt,,25.98999977,Men,DC0FC2D90D6102BA02D0206857EAAC51,3
85263,16559,23/05/2023 22:04:25,08/06/2023 01:56:25,14.94424982,Tops & Tees,Gildan Adult Ultra CottonTM Sleeveless T-Shirt,,25.98999977,Men,DC0FC2D90D6102BA02D0206857EAAC51,3
85264,16559,07/05/2023 06:51:00,,14.94424982,Tops & Tees,Gildan Adult Ultra CottonTM Sleeveless T-Shirt,,25.98999977,Men,DC0FC2D90D6102BA02D0206857EAAC51,3
85265,16559,12/09/2023 12:38:00,,14.94424982,Tops & Tees,Gildan Adult Ultra CottonTM Sleeveless T-Shirt,,25.98999977,Men,DC0FC2D90D6102BA02D0206857EAAC51,3
120900,16559,12/03/2023 02:50:42,24/03/2023 01:13:42,14.94424982,Tops & Tees,Gildan Adult Ultra CottonTM Sleeveless T-Shirt,,25.98999977,Men,DC0FC2D90D6102BA02D0206857EAAC51,3
120901,16559,23/10/2020 07:15:00,,14.94424982,Tops & Tees,Gildan Adult Ultra CottonTM Sleeveless T-Shirt,,25.98999977,Men,DC0FC2D90D6102BA02D0206857EAAC51,3
120902,16559,14/12/2021 00:35:00,,14.94424982,Tops & Tees,Gildan Adult Ultra CottonTM Sleeveless T-Shirt,,25.98999977,Men,DC0FC2D90D6102BA02D0206857EAAC51,3
138219,16559,30/09/2023 01:11:34,25/10/2023 11:32:34,14.94424982,Tops & Tees,Gildan Adult Ultra CottonTM Sleeveless T-Shirt,,25.98999977,Men,DC0FC2D90D6102BA02D0206857EAAC51,3
138220,16559,01/03/2022 08:55:00,,14.94424982,Tops & Tees,Gildan Adult Ultra CottonTM Sleeveless T-Shirt,,25.98999977,Men,DC0FC2D90D6102BA02D0206857EAAC51,3
163033,16559,07/08/2022 17:18:41,04/09/2022 13:26:41,14.94424982,Tops & Tees,Gildan Adult Ultra CottonTM Sleeveless T-Shirt,,25.98999977,Men,DC0FC2D90D6102BA02D0206857EAAC51,3
163034,16559,27/11/2021 03:50:00,,14.94424982,Tops & Tees,Gildan Adult Ultra CottonTM Sleeveless T-Shirt,,25.98999977,Men,DC0FC2D90D6102BA02D0206857EAAC51,3
332925,16559,09/02/2022 23:38:53,02/03/2022 13:30:53,14.94424982,Tops & Tees,Gildan Adult Ultra CottonTM Sleeveless T-Shirt,,25.98999977,Men,DC0FC2D90D6102BA02D0206857EAAC51,3
332926,16559,31/07/2023 06:03:00,,14.94424982,Tops & Tees,Gildan Adult Ultra CottonTM Sleeveless T-Shirt,,25.98999977,Men,DC0FC2D90D6102BA02D0206857EAAC51,3
332927,16559,04/10/2022 05:08:00,,14.94424982,Tops & Tees,Gildan Adult Ultra CottonTM Sleeveless T-Shirt,,25.98999977,Men,DC0FC2D90D6102BA02D0206857EAAC51,3
376727,16559,06/10/2022 20:41:15,28/10/2022 09:23:15,14.94424982,Tops & Tees,Gildan Adult Ultra CottonTM Sleeveless T-Shirt,,25.98999977,Men,DC0FC2D90D6102BA02D0206857EAAC51,3
376728,16559,18/11/2022 15:29:00,,14.94424982,Tops & Tees,Gildan Adult Ultra CottonTM Sleeveless T-Shirt,,25.98999977,Men,DC0FC2D90D6102BA02D0206857EAAC51,3
429736,16559,11/10/2022 04:23:50,15/10/2022 01:25:50,14.94424982,Tops & Tees,Gildan Adult Ultra CottonTM Sleeveless T-Shirt,,25.98999977,Men,DC0FC2D90D6102BA02D0206857EAAC51,3
429737,16559,26/09/2020 17:18:00,,14.94424982,Tops & Tees,Gildan Adult Ultra CottonTM Sleeveless T-Shirt,,25.98999977,Men,DC0FC2D90D6102BA02D0206857EAAC51,3
472052,16559,17/10/2022 01:20:52,19/11/2022 02:18:52,14.94424982,Tops & Tees,Gildan Adult Ultra CottonTM Sleeveless T-Shirt,,25.98999977,Men,DC0FC2D90D6102BA02D0206857EAAC51,3
472053,16559,05/04/2023 18:45:00,,14.94424982,Tops & Tees,Gildan Adult Ultra CottonTM Sleeveless T-Shirt,,25.98999977,Men,DC0FC2D90D6102BA02D0206857EAAC51,3
472054,16559,26/04/2022 11:51:00,,14.94424982,Tops & Tees,Gildan Adult Ultra CottonTM Sleeveless T-Shirt,,25.98999977,Men,DC0FC2D90D6102BA02D0206857EAAC51,3
5766,16309,29/11/2022 07:58:09,07/01/2023 06:32:09,11.51999999,Tops & Tees,Hurley Men's One and Only Short Sleeve Tee,,20,Men,88E0F16114A1E011C87B797513095A20,3
5767,16309,07/04/2021 06:12:00,,11.51999999,Tops & Tees,Hurley Men's One and Only Short Sleeve Tee,,20,Men,88E0F16114A1E011C87B797513095A20,3
58492,16309,28/10/2021 04:21:59,25/11/2021 17:20:59,11.51999999,Tops & Tees,Hurley Men's One and Only Short Sleeve Tee,,20,Men,88E0F16114A1E011C87B797513095A20,3
58493,16309,19/01/2021 11:33:00,,11.51999999,Tops & Tees,Hurley Men's One and Only Short Sleeve Tee,,20,Men,88E0F16114A1E011C87B797513095A20,3
58494,16309,02/09/2020 18:34:00,,11.51999999,Tops & Tees,Hurley Men's One and Only Short Sleeve Tee,,20,Men,88E0F16114A1E011C87B797513095A20,3
165722,16309,14/07/2022 09:39:02,17/07/2022 22:14:02,11.51999999,Tops & Tees,Hurley Men's One and Only Short Sleeve Tee,,20,Men,88E0F16114A1E011C87B797513095A20,3
165723,16309,04/05/2023 06:14:00,,11.51999999,Tops & Tees,Hurley Men's One and Only Short Sleeve Tee,,20,Men,88E0F16114A1E011C87B797513095A20,3
313938,16309,29/10/2021 20:21:19,24/12/2021 03:32:19,11.51999999,Tops & Tees,Hurley Men's One and Only Short Sleeve Tee,,20,Men,88E0F16114A1E011C87B797513095A20,3
313939,16309,10/04/2021 02:43:00,,11.51999999,Tops & Tees,Hurley Men's One and Only Short Sleeve Tee,,20,Men,88E0F16114A1E011C87B797513095A20,3
362244,16309,27/04/2023 07:44:58,30/04/2023 04:41:58,11.51999999,Tops & Tees,Hurley Men's One and Only Short Sleeve Tee,,20,Men,88E0F16114A1E011C87B797513095A20,3
362245,16309,23/07/2023 02:30:00,,11.51999999,Tops & Tees,Hurley Men's One and Only Short Sleeve Tee,,20,Men,88E0F16114A1E011C87B797513095A20,3
365950,16309,03/10/2019 12:25:06,10/11/2019 14:50:06,11.51999999,Tops & Tees,Hurley Men's One and Only Short Sleeve Tee,,20,Men,88E0F16114A1E011C87B797513095A20,3
365951,16309,05/01/2023 15:31:00,,11.51999999,Tops & Tees,Hurley Men's One and Only Short Sleeve Tee,,20,Men,88E0F16114A1E011C87B797513095A20,3
25687,21207,12/08/2023 21:53:14,23/09/2023 15:47:14,30.7543503,Jeans,Ariat 9424 Men's M4 Low Rise Boot Tumbled,,59.95000076,Men,A59687B426E9EB30465997EB54862A2E,3
25688,21207,04/02/2023 02:55:00,,30.7543503,Jeans,Ariat 9424 Men's M4 Low Rise Boot Tumbled,,59.95000076,Men,A59687B426E9EB30465997EB54862A2E,3
25689,21207,09/01/2021 02:40:00,,30.7543503,Jeans,Ariat 9424 Men's M4 Low Rise Boot Tumbled,,59.95000076,Men,A59687B426E9EB30465997EB54862A2E,3
48806,21207,18/10/2022 11:00:28,30/10/2022 23:21:28,30.7543503,Jeans,Ariat 9424 Men's M4 Low Rise Boot Tumbled,,59.95000076,Men,A59687B426E9EB30465997EB54862A2E,3
48807,21207,06/04/2020 06:08:00,,30.7543503,Jeans,Ariat 9424 Men's M4 Low Rise Boot Tumbled,,59.95000076,Men,A59687B426E9EB30465997EB54862A2E,3
48808,21207,04/05/2023 12:54:00,,30.7543503,Jeans,Ariat 9424 Men's M4 Low Rise Boot Tumbled,,59.95000076,Men,A59687B426E9EB30465997EB54862A2E,3
51711,21207,25/07/2023 13:56:31,15/08/2023 23:01:31,30.7543503,Jeans,Ariat 9424 Men's M4 Low Rise Boot Tumbled,,59.95000076,Men,A59687B426E9EB30465997EB54862A2E,3
51712,21207,19/05/2021 02:37:00,,30.7543503,Jeans,Ariat 9424 Men's M4 Low Rise Boot Tumbled,,59.95000076,Men,A59687B426E9EB30465997EB54862A2E,3
98379,21207,14/02/2022 23:40:12,09/03/2022 07:09:12,30.7543503,Jeans,Ariat 9424 Men's M4 Low Rise Boot Tumbled,,59.95000076,Men,A59687B426E9EB30465997EB54862A2E,3
98380,21207,22/10/2023 06:26:00,,30.7543503,Jeans,Ariat 9424 Men's M4 Low Rise Boot Tumbled,,59.95000076,Men,A59687B426E9EB30465997EB54862A2E,3
98381,21207,28/10/2020 17:58:00,,30.7543503,Jeans,Ariat 9424 Men's M4 Low Rise Boot Tumbled,,59.95000076,Men,A59687B426E9EB30465997EB54862A2E,3
102681,21207,17/08/2023 21:44:45,19/08/2023 09:56:45,30.7543503,Jeans,Ariat 9424 Men's M4 Low Rise Boot Tumbled,,59.95000076,Men,A59687B426E9EB30465997EB54862A2E,3
102682,21207,03/09/2020 10:04:00,,30.7543503,Jeans,Ariat 9424 Men's M4 Low Rise Boot Tumbled,,59.95000076,Men,A59687B426E9EB30465997EB54862A2E,3
102683,21207,09/04/2022 00:47:00,,30.7543503,Jeans,Ariat 9424 Men's M4 Low Rise Boot Tumbled,,59.95000076,Men,A59687B426E9EB30465997EB54862A2E,3
127426,21207,15/07/2023 17:47:00,19/07/2023 22:35:00,30.7543503,Jeans,Ariat 9424 Men's M4 Low Rise Boot Tumbled,,59.95000076,Men,A59687B426E9EB30465997EB54862A2E,3
127427,21207,22/05/2022 07:26:00,,30.7543503,Jeans,Ariat 9424 Men's M4 Low Rise Boot Tumbled,,59.95000076,Men,A59687B426E9EB30465997EB54862A2E,3
127428,21207,02/08/2022 06:28:00,,30.7543503,Jeans,Ariat 9424 Men's M4 Low Rise Boot Tumbled,,59.95000076,Men,A59687B426E9EB30465997EB54862A2E,3
156529,21207,22/02/2023 23:45:36,09/04/2023 00:15:36,30.7543503,Jeans,Ariat 9424 Men's M4 Low Rise Boot Tumbled,,59.95000076,Men,A59687B426E9EB30465997EB54862A2E,3
156530,21207,22/03/2022 06:52:00,,30.7543503,Jeans,Ariat 9424 Men's M4 Low Rise Boot Tumbled,,59.95000076,Men,A59687B426E9EB30465997EB54862A2E,3
156531,21207,04/07/2020 09:47:00,,30.7543503,Jeans,Ariat 9424 Men's M4 Low Rise Boot Tumbled,,59.95000076,Men,A59687B426E9EB30465997EB54862A2E,3
156532,21207,25/12/2020 10:25:00,,30.7543503,Jeans,Ariat 9424 Men's M4 Low Rise Boot Tumbled,,59.95000076,Men,A59687B426E9EB30465997EB54862A2E,3
203674,21207,24/11/2022 11:06:34,19/12/2022 17:52:34,30.7543503,Jeans,Ariat 9424 Men's M4 Low Rise Boot Tumbled,,59.95000076,Men,A59687B426E9EB30465997EB54862A2E,3
203675,21207,22/12/2021 13:38:00,,30.7543503,Jeans,Ariat 9424 Men's M4 Low Rise Boot Tumbled,,59.95000076,Men,A59687B426E9EB30465997EB54862A2E,3
340741,21207,30/01/2023 22:41:32,06/03/2023 11:58:32,30.7543503,Jeans,Ariat 9424 Men's M4 Low Rise Boot Tumbled,,59.95000076,Men,A59687B426E9EB30465997EB54862A2E,3
340742,21207,28/09/2023 14:51:00,,30.7543503,Jeans,Ariat 9424 Men's M4 Low Rise Boot Tumbled,,59.95000076,Men,A59687B426E9EB30465997EB54862A2E,3
340743,21207,17/07/2021 09:02:00,,30.7543503,Jeans,Ariat 9424 Men's M4 Low Rise Boot Tumbled,,59.95000076,Men,A59687B426E9EB30465997EB54862A2E,3
354789,21207,19/10/2021 01:09:13,08/11/2021 01:19:13,30.7543503,Jeans,Ariat 9424 Men's M4 Low Rise Boot Tumbled,,59.95000076,Men,A59687B426E9EB30465997EB54862A2E,3
354790,21207,06/07/2020 03:03:00,,30.7543503,Jeans,Ariat 9424 Men's M4 Low Rise Boot Tumbled,,59.95000076,Men,A59687B426E9EB30465997EB54862A2E,3
354791,21207,02/01/2022 14:40:00,,30.7543503,Jeans,Ariat 9424 Men's M4 Low Rise Boot Tumbled,,59.95000076,Men,A59687B426E9EB30465997EB54862A2E,3
354792,21207,18/11/2022 08:43:00,,30.7543503,Jeans,Ariat 9424 Men's M4 Low Rise Boot Tumbled,,59.95000076,Men,A59687B426E9EB30465997EB54862A2E,3
413987,21207,11/07/2023 21:21:30,19/07/2023 09:57:30,30.7543503,Jeans,Ariat 9424 Men's M4 Low Rise Boot Tumbled,,59.95000076,Men,A59687B426E9EB30465997EB54862A2E,3
413988,21207,30/12/2020 01:07:00,,30.7543503,Jeans,Ariat 9424 Men's M4 Low Rise Boot Tumbled,,59.95000076,Men,A59687B426E9EB30465997EB54862A2E,3
63774,23769,30/01/2023 03:52:46,08/03/2023 08:16:46,18.54000002,Outerwear & Coats,Stormtech Men's Chinook Fleece Vest,,45,Men,1C51851B7A12EED5C6DDBEE10E6EA94C,3
63775,23769,01/03/2020 11:44:00,,18.54000002,Outerwear & Coats,Stormtech Men's Chinook Fleece Vest,,45,Men,1C51851B7A12EED5C6DDBEE10E6EA94C,3
175746,23769,13/08/2022 23:16:09,21/09/2022 02:33:09,18.54000002,Outerwear & Coats,Stormtech Men's Chinook Fleece Vest,,45,Men,1C51851B7A12EED5C6DDBEE10E6EA94C,3
175747,23769,31/05/2021 16:32:00,,18.54000002,Outerwear & Coats,Stormtech Men's Chinook Fleece Vest,,45,Men,1C51851B7A12EED5C6DDBEE10E6EA94C,3
175748,23769,11/08/2023 17:22:00,,18.54000002,Outerwear & Coats,Stormtech Men's Chinook Fleece Vest,,45,Men,1C51851B7A12EED5C6DDBEE10E6EA94C,3
235068,23769,26/03/2023 08:48:20,29/03/2023 08:00:20,18.54000002,Outerwear & Coats,Stormtech Men's Chinook Fleece Vest,,45,Men,1C51851B7A12EED5C6DDBEE10E6EA94C,3
235069,23769,09/11/2022 02:04:00,,18.54000002,Outerwear & Coats,Stormtech Men's Chinook Fleece Vest,,45,Men,1C51851B7A12EED5C6DDBEE10E6EA94C,3
247361,23769,02/10/2023 00:53:07,05/10/2023 08:35:07,18.54000002,Outerwear & Coats,Stormtech Men's Chinook Fleece Vest,,45,Men,1C51851B7A12EED5C6DDBEE10E6EA94C,3
247362,23769,20/09/2021 06:42:00,,18.54000002,Outerwear & Coats,Stormtech Men's Chinook Fleece Vest,,45,Men,1C51851B7A12EED5C6DDBEE10E6EA94C,3
247363,23769,17/10/2023 04:55:00,,18.54000002,Outerwear & Coats,Stormtech Men's Chinook Fleece Vest,,45,Men,1C51851B7A12EED5C6DDBEE10E6EA94C,3
268130,23769,19/10/2022 01:24:48,20/10/2022 11:02:48,18.54000002,Outerwear & Coats,Stormtech Men's Chinook Fleece Vest,,45,Men,1C51851B7A12EED5C6DDBEE10E6EA94C,3
268131,23769,23/04/2023 13:05:00,,18.54000002,Outerwear & Coats,Stormtech Men's Chinook Fleece Vest,,45,Men,1C51851B7A12EED5C6DDBEE10E6EA94C,3
268132,23769,02/12/2020 17:31:00,,18.54000002,Outerwear & Coats,Stormtech Men's Chinook Fleece Vest,,45,Men,1C51851B7A12EED5C6DDBEE10E6EA94C,3
288004,23769,19/04/2020 12:45:54,29/04/2020 02:38:54,18.54000002,Outerwear & Coats,Stormtech Men's Chinook Fleece Vest,,45,Men,1C51851B7A12EED5C6DDBEE10E6EA94C,3
288005,23769,05/12/2021 03:04:00,,18.54000002,Outerwear & Coats,Stormtech Men's Chinook Fleece Vest,,45,Men,1C51851B7A12EED5C6DDBEE10E6EA94C,3
288006,23769,17/12/2022 10:36:00,,18.54000002,Outerwear & Coats,Stormtech Men's Chinook Fleece Vest,,45,Men,1C51851B7A12EED5C6DDBEE10E6EA94C,3
288007,23769,08/06/2020 09:15:00,,18.54000002,Outerwear & Coats,Stormtech Men's Chinook Fleece Vest,,45,Men,1C51851B7A12EED5C6DDBEE10E6EA94C,3
353887,23769,30/04/2023 05:38:41,06/05/2023 06:05:41,18.54000002,Outerwear & Coats,Stormtech Men's Chinook Fleece Vest,,45,Men,1C51851B7A12EED5C6DDBEE10E6EA94C,3
353888,23769,20/10/2021 15:34:00,,18.54000002,Outerwear & Coats,Stormtech Men's Chinook Fleece Vest,,45,Men,1C51851B7A12EED5C6DDBEE10E6EA94C,3
408202,23769,10/10/2021 15:30:09,10/11/2021 02:05:09,18.54000002,Outerwear & Coats,Stormtech Men's Chinook Fleece Vest,,45,Men,1C51851B7A12EED5C6DDBEE10E6EA94C,3
408203,23769,08/04/2022 06:17:00,,18.54000002,Outerwear & Coats,Stormtech Men's Chinook Fleece Vest,,45,Men,1C51851B7A12EED5C6DDBEE10E6EA94C,3
419170,23769,07/11/2023 17:49:44,25/11/2023 09:27:44,18.54000002,Outerwear & Coats,Stormtech Men's Chinook Fleece Vest,,45,Men,1C51851B7A12EED5C6DDBEE10E6EA94C,3
419171,23769,07/09/2020 10:34:00,,18.54000002,Outerwear & Coats,Stormtech Men's Chinook Fleece Vest,,45,Men,1C51851B7A12EED5C6DDBEE10E6EA94C,3
62012,24287,08/09/2023 19:51:01,19/10/2023 10:45:01,39.48804878,Outerwear & Coats,Adidas Men's Hiking Hooded 1Side Fleece Jacket,,89.94999695,Men,9F62C81D7B48E146423F79C9E151510D,3
62013,24287,24/10/2020 06:16:00,,39.48804878,Outerwear & Coats,Adidas Men's Hiking Hooded 1Side Fleece Jacket,,89.94999695,Men,9F62C81D7B48E146423F79C9E151510D,3
62014,24287,30/11/2020 13:33:00,,39.48804878,Outerwear & Coats,Adidas Men's Hiking Hooded 1Side Fleece Jacket,,89.94999695,Men,9F62C81D7B48E146423F79C9E151510D,3
182238,24287,10/09/2022 02:29:42,04/11/2022 05:19:42,39.48804878,Outerwear & Coats,Adidas Men's Hiking Hooded 1Side Fleece Jacket,,89.94999695,Men,9F62C81D7B48E146423F79C9E151510D,3
182239,24287,28/08/2022 17:33:00,,39.48804878,Outerwear & Coats,Adidas Men's Hiking Hooded 1Side Fleece Jacket,,89.94999695,Men,9F62C81D7B48E146423F79C9E151510D,3
182240,24287,15/08/2023 05:21:00,,39.48804878,Outerwear & Coats,Adidas Men's Hiking Hooded 1Side Fleece Jacket,,89.94999695,Men,9F62C81D7B48E146423F79C9E151510D,3
346062,24287,08/07/2022 23:07:20,24/07/2022 04:24:20,39.48804878,Outerwear & Coats,Adidas Men's Hiking Hooded 1Side Fleece Jacket,,89.94999695,Men,9F62C81D7B48E146423F79C9E151510D,3
346063,24287,28/10/2023 08:48:00,,39.48804878,Outerwear & Coats,Adidas Men's Hiking Hooded 1Side Fleece Jacket,,89.94999695,Men,9F62C81D7B48E146423F79C9E151510D,3
346064,24287,29/01/2020 06:38:00,,39.48804878,Outerwear & Coats,Adidas Men's Hiking Hooded 1Side Fleece Jacket,,89.94999695,Men,9F62C81D7B48E146423F79C9E151510D,3
346065,24287,18/02/2022 05:31:00,,39.48804878,Outerwear & Coats,Adidas Men's Hiking Hooded 1Side Fleece Jacket,,89.94999695,Men,9F62C81D7B48E146423F79C9E151510D,3
448492,24287,21/02/2020 03:00:12,21/02/2020 13:50:12,39.48804878,Outerwear & Coats,Adidas Men's Hiking Hooded 1Side Fleece Jacket,,89.94999695,Men,9F62C81D7B48E146423F79C9E151510D,3
448493,24287,30/09/2022 18:34:00,,39.48804878,Outerwear & Coats,Adidas Men's Hiking Hooded 1Side Fleece Jacket,,89.94999695,Men,9F62C81D7B48E146423F79C9E151510D,3
448494,24287,02/05/2021 12:10:00,,39.48804878,Outerwear & Coats,Adidas Men's Hiking Hooded 1Side Fleece Jacket,,89.94999695,Men,9F62C81D7B48E146423F79C9E151510D,3
117366,21484,10/03/2023 10:24:22,27/04/2023 07:58:22,30.28549998,Jeans,True Nation Big & Tall Relaxed-Fit Jeans,,59.5,Men,64C32B8EB5304D80BA093227975ECE13,3
117367,21484,26/03/2020 17:38:00,,30.28549998,Jeans,True Nation Big & Tall Relaxed-Fit Jeans,,59.5,Men,64C32B8EB5304D80BA093227975ECE13,3
117368,21484,15/11/2021 01:40:00,,30.28549998,Jeans,True Nation Big & Tall Relaxed-Fit Jeans,,59.5,Men,64C32B8EB5304D80BA093227975ECE13,3
235903,21484,15/07/2023 16:39:04,02/09/2023 21:52:04,30.28549998,Jeans,True Nation Big & Tall Relaxed-Fit Jeans,,59.5,Men,64C32B8EB5304D80BA093227975ECE13,3
235904,21484,26/10/2020 07:54:00,,30.28549998,Jeans,True Nation Big & Tall Relaxed-Fit Jeans,,59.5,Men,64C32B8EB5304D80BA093227975ECE13,3
304836,21484,11/10/2020 20:44:54,30/10/2020 22:13:54,30.28549998,Jeans,True Nation Big & Tall Relaxed-Fit Jeans,,59.5,Men,64C32B8EB5304D80BA093227975ECE13,3
304837,21484,05/10/2023 17:07:00,,30.28549998,Jeans,True Nation Big & Tall Relaxed-Fit Jeans,,59.5,Men,64C32B8EB5304D80BA093227975ECE13,3
304838,21484,24/03/2021 16:38:00,,30.28549998,Jeans,True Nation Big & Tall Relaxed-Fit Jeans,,59.5,Men,64C32B8EB5304D80BA093227975ECE13,3
329113,21484,31/08/2023 09:53:06,26/10/2023 09:14:06,30.28549998,Jeans,True Nation Big & Tall Relaxed-Fit Jeans,,59.5,Men,64C32B8EB5304D80BA093227975ECE13,3
329114,21484,24/06/2022 16:49:00,,30.28549998,Jeans,True Nation Big & Tall Relaxed-Fit Jeans,,59.5,Men,64C32B8EB5304D80BA093227975ECE13,3
329115,21484,23/02/2021 11:47:00,,30.28549998,Jeans,True Nation Big & Tall Relaxed-Fit Jeans,,59.5,Men,64C32B8EB5304D80BA093227975ECE13,3
329116,21484,14/08/2020 01:04:00,,30.28549998,Jeans,True Nation Big & Tall Relaxed-Fit Jeans,,59.5,Men,64C32B8EB5304D80BA093227975ECE13,3
466482,21484,28/09/2023 19:37:37,20/11/2023 17:53:37,30.28549998,Jeans,True Nation Big & Tall Relaxed-Fit Jeans,,59.5,Men,64C32B8EB5304D80BA093227975ECE13,3
466483,21484,23/01/2023 13:52:00,,30.28549998,Jeans,True Nation Big & Tall Relaxed-Fit Jeans,,59.5,Men,64C32B8EB5304D80BA093227975ECE13,3
466484,21484,07/08/2022 09:09:00,,30.28549998,Jeans,True Nation Big & Tall Relaxed-Fit Jeans,,59.5,Men,64C32B8EB5304D80BA093227975ECE13,3
19442,755,05/01/2023 17:53:32,06/01/2023 20:52:32,15.14085035,Tops & Tees,The Very Hungry Caterpillar Classic Book Women's Slim Fit T-shirt by Out Of Print Clothing,,28.95000076,Women,CCB0989662211F61EDAE2E26D58EA92F,3
19443,755,13/03/2020 06:37:00,,15.14085035,Tops & Tees,The Very Hungry Caterpillar Classic Book Women's Slim Fit T-shirt by Out Of Print Clothing,,28.95000076,Women,CCB0989662211F61EDAE2E26D58EA92F,3
142159,755,09/09/2023 23:49:22,25/09/2023 09:27:22,15.14085035,Tops & Tees,The Very Hungry Caterpillar Classic Book Women's Slim Fit T-shirt by Out Of Print Clothing,,28.95000076,Women,CCB0989662211F61EDAE2E26D58EA92F,3
142160,755,15/06/2021 04:51:00,,15.14085035,Tops & Tees,The Very Hungry Caterpillar Classic Book Women's Slim Fit T-shirt by Out Of Print Clothing,,28.95000076,Women,CCB0989662211F61EDAE2E26D58EA92F,3
142161,755,20/04/2021 04:00:00,,15.14085035,Tops & Tees,The Very Hungry Caterpillar Classic Book Women's Slim Fit T-shirt by Out Of Print Clothing,,28.95000076,Women,CCB0989662211F61EDAE2E26D58EA92F,3
142162,755,18/11/2022 17:06:00,,15.14085035,Tops & Tees,The Very Hungry Caterpillar Classic Book Women's Slim Fit T-shirt by Out Of Print Clothing,,28.95000076,Women,CCB0989662211F61EDAE2E26D58EA92F,3
234883,755,05/03/2023 04:53:31,18/03/2023 17:20:31,15.14085035,Tops & Tees,The Very Hungry Caterpillar Classic Book Women's Slim Fit T-shirt by Out Of Print Clothing,,28.95000076,Women,CCB0989662211F61EDAE2E26D58EA92F,3
234884,755,05/07/2021 15:37:00,,15.14085035,Tops & Tees,The Very Hungry Caterpillar Classic Book Women's Slim Fit T-shirt by Out Of Print Clothing,,28.95000076,Women,CCB0989662211F61EDAE2E26D58EA92F,3
336122,755,26/11/2022 22:17:42,27/12/2022 05:35:42,15.14085035,Tops & Tees,The Very Hungry Caterpillar Classic Book Women's Slim Fit T-shirt by Out Of Print Clothing,,28.95000076,Women,CCB0989662211F61EDAE2E26D58EA92F,3
336123,755,18/11/2021 16:28:00,,15.14085035,Tops & Tees,The Very Hungry Caterpillar Classic Book Women's Slim Fit T-shirt by Out Of Print Clothing,,28.95000076,Women,CCB0989662211F61EDAE2E26D58EA92F,3
454312,755,11/09/2023 14:41:57,28/10/2023 09:26:57,15.14085035,Tops & Tees,The Very Hungry Caterpillar Classic Book Women's Slim Fit T-shirt by Out Of Print Clothing,,28.95000076,Women,CCB0989662211F61EDAE2E26D58EA92F,3
454313,755,16/10/2023 13:01:00,,15.14085035,Tops & Tees,The Very Hungry Caterpillar Classic Book Women's Slim Fit T-shirt by Out Of Print Clothing,,28.95000076,Women,CCB0989662211F61EDAE2E26D58EA92F,3
454314,755,08/05/2023 11:26:00,,15.14085035,Tops & Tees,The Very Hungry Caterpillar Classic Book Women's Slim Fit T-shirt by Out Of Print Clothing,,28.95000076,Women,CCB0989662211F61EDAE2E26D58EA92F,3
39506,27640,14/12/2019 16:45:20,04/01/2020 07:21:20,29.35350006,Swim,O'Neill Hangover Boardshorts,,49.5,Men,42ADA6A116005062613A49ADD8AB908B,3
39507,27640,08/09/2022 07:33:00,,29.35350006,Swim,O'Neill Hangover Boardshorts,,49.5,Men,42ADA6A116005062613A49ADD8AB908B,3
39508,27640,06/06/2022 01:23:00,,29.35350006,Swim,O'Neill Hangover Boardshorts,,49.5,Men,42ADA6A116005062613A49ADD8AB908B,3
39509,27640,10/07/2022 07:03:00,,29.35350006,Swim,O'Neill Hangover Boardshorts,,49.5,Men,42ADA6A116005062613A49ADD8AB908B,3
61903,27640,22/05/2022 11:51:10,23/06/2022 00:23:10,29.35350006,Swim,O'Neill Hangover Boardshorts,,49.5,Men,42ADA6A116005062613A49ADD8AB908B,3
61904,27640,21/07/2020 02:34:00,,29.35350006,Swim,O'Neill Hangover Boardshorts,,49.5,Men,42ADA6A116005062613A49ADD8AB908B,3
66018,27640,19/02/2020 22:16:01,06/03/2020 06:48:01,29.35350006,Swim,O'Neill Hangover Boardshorts,,49.5,Men,42ADA6A116005062613A49ADD8AB908B,3
66019,27640,11/03/2022 11:51:00,,29.35350006,Swim,O'Neill Hangover Boardshorts,,49.5,Men,42ADA6A116005062613A49ADD8AB908B,3
86705,27640,09/06/2023 23:21:10,13/07/2023 23:07:10,29.35350006,Swim,O'Neill Hangover Boardshorts,,49.5,Men,42ADA6A116005062613A49ADD8AB908B,3
86706,27640,15/09/2022 18:35:00,,29.35350006,Swim,O'Neill Hangover Boardshorts,,49.5,Men,42ADA6A116005062613A49ADD8AB908B,3
86707,27640,22/06/2021 04:45:00,,29.35350006,Swim,O'Neill Hangover Boardshorts,,49.5,Men,42ADA6A116005062613A49ADD8AB908B,3
86708,27640,26/03/2022 02:33:00,,29.35350006,Swim,O'Neill Hangover Boardshorts,,49.5,Men,42ADA6A116005062613A49ADD8AB908B,3
137863,27640,24/01/2023 16:15:46,11/02/2023 17:27:46,29.35350006,Swim,O'Neill Hangover Boardshorts,,49.5,Men,42ADA6A116005062613A49ADD8AB908B,3
137864,27640,04/10/2023 12:19:00,,29.35350006,Swim,O'Neill Hangover Boardshorts,,49.5,Men,42ADA6A116005062613A49ADD8AB908B,3
137865,27640,29/08/2022 06:48:00,,29.35350006,Swim,O'Neill Hangover Boardshorts,,49.5,Men,42ADA6A116005062613A49ADD8AB908B,3
137866,27640,17/04/2020 09:05:00,,29.35350006,Swim,O'Neill Hangover Boardshorts,,49.5,Men,42ADA6A116005062613A49ADD8AB908B,3
159496,27640,28/07/2023 19:44:34,01/09/2023 10:18:34,29.35350006,Swim,O'Neill Hangover Boardshorts,,49.5,Men,42ADA6A116005062613A49ADD8AB908B,3
159497,27640,29/05/2020 08:24:00,,29.35350006,Swim,O'Neill Hangover Boardshorts,,49.5,Men,42ADA6A116005062613A49ADD8AB908B,3
356398,27640,14/04/2023 09:58:10,07/06/2023 15:34:10,29.35350006,Swim,O'Neill Hangover Boardshorts,,49.5,Men,42ADA6A116005062613A49ADD8AB908B,3
356399,27640,23/04/2023 09:44:00,,29.35350006,Swim,O'Neill Hangover Boardshorts,,49.5,Men,42ADA6A116005062613A49ADD8AB908B,3
356400,27640,17/07/2022 15:25:00,,29.35350006,Swim,O'Neill Hangover Boardshorts,,49.5,Men,42ADA6A116005062613A49ADD8AB908B,3
356747,27640,26/09/2022 10:39:18,14/10/2022 23:50:18,29.35350006,Swim,O'Neill Hangover Boardshorts,,49.5,Men,42ADA6A116005062613A49ADD8AB908B,3
356748,27640,05/09/2020 18:30:00,,29.35350006,Swim,O'Neill Hangover Boardshorts,,49.5,Men,42ADA6A116005062613A49ADD8AB908B,3
356749,27640,16/12/2022 04:47:00,,29.35350006,Swim,O'Neill Hangover Boardshorts,,49.5,Men,42ADA6A116005062613A49ADD8AB908B,3
356750,27640,06/02/2020 08:01:00,,29.35350006,Swim,O'Neill Hangover Boardshorts,,49.5,Men,42ADA6A116005062613A49ADD8AB908B,3
441016,27640,01/03/2021 09:30:05,13/04/2021 14:04:05,29.35350006,Swim,O'Neill Hangover Boardshorts,,49.5,Men,42ADA6A116005062613A49ADD8AB908B,3
441017,27640,28/08/2022 18:02:00,,29.35350006,Swim,O'Neill Hangover Boardshorts,,49.5,Men,42ADA6A116005062613A49ADD8AB908B,3
441018,27640,10/12/2021 02:16:00,,29.35350006,Swim,O'Neill Hangover Boardshorts,,49.5,Men,42ADA6A116005062613A49ADD8AB908B,3
441019,27640,17/06/2021 14:27:00,,29.35350006,Swim,O'Neill Hangover Boardshorts,,49.5,Men,42ADA6A116005062613A49ADD8AB908B,3
449829,27640,14/10/2022 22:07:14,15/10/2022 03:41:14,29.35350006,Swim,O'Neill Hangover Boardshorts,,49.5,Men,42ADA6A116005062613A49ADD8AB908B,3
449830,27640,17/01/2022 11:17:00,,29.35350006,Swim,O'Neill Hangover Boardshorts,,49.5,Men,42ADA6A116005062613A49ADD8AB908B,3
463174,27640,25/07/2022 12:46:35,18/09/2022 14:58:35,29.35350006,Swim,O'Neill Hangover Boardshorts,,49.5,Men,42ADA6A116005062613A49ADD8AB908B,3
463175,27640,21/01/2021 16:06:00,,29.35350006,Swim,O'Neill Hangover Boardshorts,,49.5,Men,42ADA6A116005062613A49ADD8AB908B,3
474402,27640,20/10/2023 10:36:32,11/11/2023 13:33:32,29.35350006,Swim,O'Neill Hangover Boardshorts,,49.5,Men,42ADA6A116005062613A49ADD8AB908B,3
474403,27640,27/12/2021 17:18:00,,29.35350006,Swim,O'Neill Hangover Boardshorts,,49.5,Men,42ADA6A116005062613A49ADD8AB908B,3
65430,10250,24/05/2023 06:16:05,12/07/2023 16:03:05,26.90235047,Sleep & Lounge,Hatley Labs On Plaid Flannel Nightdress,H,46.95000076,Women,183F50A7700982A3ED18FF6D7A5777BF,8
65431,10250,23/01/2023 00:40:00,,26.90235047,Sleep & Lounge,Hatley Labs On Plaid Flannel Nightdress,H,46.95000076,Women,183F50A7700982A3ED18FF6D7A5777BF,8
65432,10250,21/02/2020 18:10:00,,26.90235047,Sleep & Lounge,Hatley Labs On Plaid Flannel Nightdress,H,46.95000076,Women,183F50A7700982A3ED18FF6D7A5777BF,8
65433,10250,05/05/2022 00:58:00,,26.90235047,Sleep & Lounge,Hatley Labs On Plaid Flannel Nightdress,H,46.95000076,Women,183F50A7700982A3ED18FF6D7A5777BF,8
240067,10250,10/08/2020 06:12:01,24/08/2020 02:22:01,26.90235047,Sleep & Lounge,Hatley Labs On Plaid Flannel Nightdress,H,46.95000076,Women,183F50A7700982A3ED18FF6D7A5777BF,8
240068,10250,03/04/2020 15:10:00,,26.90235047,Sleep & Lounge,Hatley Labs On Plaid Flannel Nightdress,H,46.95000076,Women,183F50A7700982A3ED18FF6D7A5777BF,8
244284,10250,27/08/2021 08:03:05,25/10/2021 13:46:05,26.90235047,Sleep & Lounge,Hatley Labs On Plaid Flannel Nightdress,H,46.95000076,Women,183F50A7700982A3ED18FF6D7A5777BF,8
244285,10250,13/04/2020 11:08:00,,26.90235047,Sleep & Lounge,Hatley Labs On Plaid Flannel Nightdress,H,46.95000076,Women,183F50A7700982A3ED18FF6D7A5777BF,8
244286,10250,27/03/2022 16:43:00,,26.90235047,Sleep & Lounge,Hatley Labs On Plaid Flannel Nightdress,H,46.95000076,Women,183F50A7700982A3ED18FF6D7A5777BF,8
353276,10250,08/06/2022 12:33:15,14/07/2022 20:52:15,26.90235047,Sleep & Lounge,Hatley Labs On Plaid Flannel Nightdress,H,46.95000076,Women,183F50A7700982A3ED18FF6D7A5777BF,8
353277,10250,05/12/2020 08:03:00,,26.90235047,Sleep & Lounge,Hatley Labs On Plaid Flannel Nightdress,H,46.95000076,Women,183F50A7700982A3ED18FF6D7A5777BF,8
353278,10250,01/02/2022 16:05:00,,26.90235047,Sleep & Lounge,Hatley Labs On Plaid Flannel Nightdress,H,46.95000076,Women,183F50A7700982A3ED18FF6D7A5777BF,8
353484,10250,22/06/2022 20:08:26,30/07/2022 16:56:26,26.90235047,Sleep & Lounge,Hatley Labs On Plaid Flannel Nightdress,H,46.95000076,Women,183F50A7700982A3ED18FF6D7A5777BF,8
353485,10250,19/06/2021 12:29:00,,26.90235047,Sleep & Lounge,Hatley Labs On Plaid Flannel Nightdress,H,46.95000076,Women,183F50A7700982A3ED18FF6D7A5777BF,8
432924,10250,11/09/2021 20:03:05,16/10/2021 02:44:05,26.90235047,Sleep & Lounge,Hatley Labs On Plaid Flannel Nightdress,H,46.95000076,Women,183F50A7700982A3ED18FF6D7A5777BF,8
432925,10250,20/04/2023 18:25:00,,26.90235047,Sleep & Lounge,Hatley Labs On Plaid Flannel Nightdress,H,46.95000076,Women,183F50A7700982A3ED18FF6D7A5777BF,8
23187,13228,02/06/2022 04:51:53,09/06/2022 03:40:53,19.5960807,Swim,Womens BB Plus Size Swimdress Swimsuit Long Tankini Swimwear black/pink black/white blue floral 18-24,BB,49.99000168,Women,2602FD311D93E2B8CCBBC9165E0AD653,6
23188,13228,26/06/2023 12:31:00,,19.5960807,Swim,Womens BB Plus Size Swimdress Swimsuit Long Tankini Swimwear black/pink black/white blue floral 18-24,BB,49.99000168,Women,2602FD311D93E2B8CCBBC9165E0AD653,6
23189,13228,09/07/2020 15:49:00,,19.5960807,Swim,Womens BB Plus Size Swimdress Swimsuit Long Tankini Swimwear black/pink black/white blue floral 18-24,BB,49.99000168,Women,2602FD311D93E2B8CCBBC9165E0AD653,6
236026,13228,21/08/2023 08:10:13,24/09/2023 10:57:13,19.5960807,Swim,Womens BB Plus Size Swimdress Swimsuit Long Tankini Swimwear black/pink black/white blue floral 18-24,BB,49.99000168,Women,2602FD311D93E2B8CCBBC9165E0AD653,6
236027,13228,08/08/2020 06:26:00,,19.5960807,Swim,Womens BB Plus Size Swimdress Swimsuit Long Tankini Swimwear black/pink black/white blue floral 18-24,BB,49.99000168,Women,2602FD311D93E2B8CCBBC9165E0AD653,6
343319,13228,19/09/2023 15:28:44,16/11/2023 10:24:44,19.5960807,Swim,Womens BB Plus Size Swimdress Swimsuit Long Tankini Swimwear black/pink black/white blue floral 18-24,BB,49.99000168,Women,2602FD311D93E2B8CCBBC9165E0AD653,6
343320,13228,18/01/2020 18:59:00,,19.5960807,Swim,Womens BB Plus Size Swimdress Swimsuit Long Tankini Swimwear black/pink black/white blue floral 18-24,BB,49.99000168,Women,2602FD311D93E2B8CCBBC9165E0AD653,6
343321,13228,05/04/2022 13:33:00,,19.5960807,Swim,Womens BB Plus Size Swimdress Swimsuit Long Tankini Swimwear black/pink black/white blue floral 18-24,BB,49.99000168,Women,2602FD311D93E2B8CCBBC9165E0AD653,6
447958,13228,15/09/2023 06:22:11,26/10/2023 08:26:11,19.5960807,Swim,Womens BB Plus Size Swimdress Swimsuit Long Tankini Swimwear black/pink black/white blue floral 18-24,BB,49.99000168,Women,2602FD311D93E2B8CCBBC9165E0AD653,6
447959,13228,01/06/2022 03:11:00,,19.5960807,Swim,Womens BB Plus Size Swimdress Swimsuit Long Tankini Swimwear black/pink black/white blue floral 18-24,BB,49.99000168,Women,2602FD311D93E2B8CCBBC9165E0AD653,6
72786,13519,01/08/2019 06:35:12,19/08/2019 10:38:12,19.94601077,Swim,Womens Bb Plus Size Surplice Wrap One Piece Swimsuit Tank Swimwear Pink/black Black Brown/black Tribal 18-24,BB,49.99000168,Women,4843444B2CD1C2D4B2B261E396C5DA4A,6
72787,13519,27/06/2020 17:21:00,,19.94601077,Swim,Womens Bb Plus Size Surplice Wrap One Piece Swimsuit Tank Swimwear Pink/black Black Brown/black Tribal 18-24,BB,49.99000168,Women,4843444B2CD1C2D4B2B261E396C5DA4A,6
184937,13519,24/02/2023 19:03:05,10/04/2023 08:12:05,19.94601077,Swim,Womens Bb Plus Size Surplice Wrap One Piece Swimsuit Tank Swimwear Pink/black Black Brown/black Tribal 18-24,BB,49.99000168,Women,4843444B2CD1C2D4B2B261E396C5DA4A,6
184938,13519,28/10/2021 05:11:00,,19.94601077,Swim,Womens Bb Plus Size Surplice Wrap One Piece Swimsuit Tank Swimwear Pink/black Black Brown/black Tribal 18-24,BB,49.99000168,Women,4843444B2CD1C2D4B2B261E396C5DA4A,6
253127,13519,04/05/2022 16:15:43,06/05/2022 12:06:43,19.94601077,Swim,Womens Bb Plus Size Surplice Wrap One Piece Swimsuit Tank Swimwear Pink/black Black Brown/black Tribal 18-24,BB,49.99000168,Women,4843444B2CD1C2D4B2B261E396C5DA4A,6
253128,13519,07/11/2023 04:46:00,,19.94601077,Swim,Womens Bb Plus Size Surplice Wrap One Piece Swimsuit Tank Swimwear Pink/black Black Brown/black Tribal 18-24,BB,49.99000168,Women,4843444B2CD1C2D4B2B261E396C5DA4A,6
253129,13519,25/12/2021 14:09:00,,19.94601077,Swim,Womens Bb Plus Size Surplice Wrap One Piece Swimsuit Tank Swimwear Pink/black Black Brown/black Tribal 18-24,BB,49.99000168,Women,4843444B2CD1C2D4B2B261E396C5DA4A,6
253130,13519,15/08/2021 12:07:00,,19.94601077,Swim,Womens Bb Plus Size Surplice Wrap One Piece Swimsuit Tank Swimwear Pink/black Black Brown/black Tribal 18-24,BB,49.99000168,Women,4843444B2CD1C2D4B2B261E396C5DA4A,6
295819,13519,18/06/2023 05:10:59,13/07/2023 06:55:59,19.94601077,Swim,Womens Bb Plus Size Surplice Wrap One Piece Swimsuit Tank Swimwear Pink/black Black Brown/black Tribal 18-24,BB,49.99000168,Women,4843444B2CD1C2D4B2B261E396C5DA4A,6
295820,13519,29/08/2020 01:21:00,,19.94601077,Swim,Womens Bb Plus Size Surplice Wrap One Piece Swimsuit Tank Swimwear Pink/black Black Brown/black Tribal 18-24,BB,49.99000168,Women,4843444B2CD1C2D4B2B261E396C5DA4A,6
454743,13519,16/09/2023 15:06:06,13/10/2023 08:35:06,19.94601077,Swim,Womens Bb Plus Size Surplice Wrap One Piece Swimsuit Tank Swimwear Pink/black Black Brown/black Tribal 18-24,BB,49.99000168,Women,4843444B2CD1C2D4B2B261E396C5DA4A,6
454744,13519,25/03/2020 14:55:00,,19.94601077,Swim,Womens Bb Plus Size Surplice Wrap One Piece Swimsuit Tank Swimwear Pink/black Black Brown/black Tribal 18-24,BB,49.99000168,Women,4843444B2CD1C2D4B2B261E396C5DA4A,6
467071,13519,05/08/2021 11:36:05,24/08/2021 01:02:05,19.94601077,Swim,Womens Bb Plus Size Surplice Wrap One Piece Swimsuit Tank Swimwear Pink/black Black Brown/black Tribal 18-24,BB,49.99000168,Women,4843444B2CD1C2D4B2B261E396C5DA4A,6
467072,13519,12/06/2023 01:39:00,,19.94601077,Swim,Womens Bb Plus Size Surplice Wrap One Piece Swimsuit Tank Swimwear Pink/black Black Brown/black Tribal 18-24,BB,49.99000168,Women,4843444B2CD1C2D4B2B261E396C5DA4A,6
467073,13519,22/01/2023 12:00:00,,19.94601077,Swim,Womens Bb Plus Size Surplice Wrap One Piece Swimsuit Tank Swimwear Pink/black Black Brown/black Tribal 18-24,BB,49.99000168,Women,4843444B2CD1C2D4B2B261E396C5DA4A,6
467074,13519,18/12/2022 08:53:00,,19.94601077,Swim,Womens Bb Plus Size Surplice Wrap One Piece Swimsuit Tank Swimwear Pink/black Black Brown/black Tribal 18-24,BB,49.99000168,Women,4843444B2CD1C2D4B2B261E396C5DA4A,6
482427,13519,10/05/2023 21:21:03,31/05/2023 16:30:03,19.94601077,Swim,Womens Bb Plus Size Surplice Wrap One Piece Swimsuit Tank Swimwear Pink/black Black Brown/black Tribal 18-24,BB,49.99000168,Women,4843444B2CD1C2D4B2B261E396C5DA4A,6
482428,13519,23/12/2021 15:23:00,,19.94601077,Swim,Womens Bb Plus Size Surplice Wrap One Piece Swimsuit Tank Swimwear Pink/black Black Brown/black Tribal 18-24,BB,49.99000168,Women,4843444B2CD1C2D4B2B261E396C5DA4A,6
482429,13519,18/01/2020 17:12:00,,19.94601077,Swim,Womens Bb Plus Size Surplice Wrap One Piece Swimsuit Tank Swimwear Pink/black Black Brown/black Tribal 18-24,BB,49.99000168,Women,4843444B2CD1C2D4B2B261E396C5DA4A,6
482430,13519,27/01/2023 02:37:00,,19.94601077,Swim,Womens Bb Plus Size Surplice Wrap One Piece Swimsuit Tank Swimwear Pink/black Black Brown/black Tribal 18-24,BB,49.99000168,Women,4843444B2CD1C2D4B2B261E396C5DA4A,6
69826,17870,14/04/2023 09:56:52,18/04/2023 06:52:52,34.76964893,Fashion Hoodies & Sweatshirts,The Big Bang Theory Bazinga Men Red Hoodie with Stripes,BG,64.98999786,Men,7248F12044A0790CD9933886D17234EB,8
69827,17870,28/09/2022 18:04:00,,34.76964893,Fashion Hoodies & Sweatshirts,The Big Bang Theory Bazinga Men Red Hoodie with Stripes,BG,64.98999786,Men,7248F12044A0790CD9933886D17234EB,8
69828,17870,06/08/2022 05:20:00,,34.76964893,Fashion Hoodies & Sweatshirts,The Big Bang Theory Bazinga Men Red Hoodie with Stripes,BG,64.98999786,Men,7248F12044A0790CD9933886D17234EB,8
69829,17870,06/06/2021 03:24:00,,34.76964893,Fashion Hoodies & Sweatshirts,The Big Bang Theory Bazinga Men Red Hoodie with Stripes,BG,64.98999786,Men,7248F12044A0790CD9933886D17234EB,8
227685,17870,28/05/2023 14:38:07,06/06/2023 11:17:07,34.76964893,Fashion Hoodies & Sweatshirts,The Big Bang Theory Bazinga Men Red Hoodie with Stripes,BG,64.98999786,Men,7248F12044A0790CD9933886D17234EB,8
227686,17870,31/01/2022 16:15:00,,34.76964893,Fashion Hoodies & Sweatshirts,The Big Bang Theory Bazinga Men Red Hoodie with Stripes,BG,64.98999786,Men,7248F12044A0790CD9933886D17234EB,8
227687,17870,29/07/2021 04:34:00,,34.76964893,Fashion Hoodies & Sweatshirts,The Big Bang Theory Bazinga Men Red Hoodie with Stripes,BG,64.98999786,Men,7248F12044A0790CD9933886D17234EB,8
310478,17870,09/08/2023 08:30:29,24/08/2023 14:54:29,34.76964893,Fashion Hoodies & Sweatshirts,The Big Bang Theory Bazinga Men Red Hoodie with Stripes,BG,64.98999786,Men,7248F12044A0790CD9933886D17234EB,8
310479,17870,11/03/2022 01:19:00,,34.76964893,Fashion Hoodies & Sweatshirts,The Big Bang Theory Bazinga Men Red Hoodie with Stripes,BG,64.98999786,Men,7248F12044A0790CD9933886D17234EB,8
310480,17870,18/01/2022 07:45:00,,34.76964893,Fashion Hoodies & Sweatshirts,The Big Bang Theory Bazinga Men Red Hoodie with Stripes,BG,64.98999786,Men,7248F12044A0790CD9933886D17234EB,8
338036,17870,03/07/2022 19:29:28,01/08/2022 21:41:28,34.76964893,Fashion Hoodies & Sweatshirts,The Big Bang Theory Bazinga Men Red Hoodie with Stripes,BG,64.98999786,Men,7248F12044A0790CD9933886D17234EB,8
338037,17870,07/10/2023 01:35:00,,34.76964893,Fashion Hoodies & Sweatshirts,The Big Bang Theory Bazinga Men Red Hoodie with Stripes,BG,64.98999786,Men,7248F12044A0790CD9933886D17234EB,8
366292,17870,05/10/2023 05:24:55,23/10/2023 14:03:55,34.76964893,Fashion Hoodies & Sweatshirts,The Big Bang Theory Bazinga Men Red Hoodie with Stripes,BG,64.98999786,Men,7248F12044A0790CD9933886D17234EB,8
366293,17870,13/03/2022 02:38:00,,34.76964893,Fashion Hoodies & Sweatshirts,The Big Bang Theory Bazinga Men Red Hoodie with Stripes,BG,64.98999786,Men,7248F12044A0790CD9933886D17234EB,8
366294,17870,01/07/2022 02:32:00,,34.76964893,Fashion Hoodies & Sweatshirts,The Big Bang Theory Bazinga Men Red Hoodie with Stripes,BG,64.98999786,Men,7248F12044A0790CD9933886D17234EB,8
450037,17870,21/05/2023 05:50:01,03/06/2023 05:08:01,34.76964893,Fashion Hoodies & Sweatshirts,The Big Bang Theory Bazinga Men Red Hoodie with Stripes,BG,64.98999786,Men,7248F12044A0790CD9933886D17234EB,8
450038,17870,04/03/2022 18:54:00,,34.76964893,Fashion Hoodies & Sweatshirts,The Big Bang Theory Bazinga Men Red Hoodie with Stripes,BG,64.98999786,Men,7248F12044A0790CD9933886D17234EB,8
450039,17870,23/03/2022 09:40:00,,34.76964893,Fashion Hoodies & Sweatshirts,The Big Bang Theory Bazinga Men Red Hoodie with Stripes,BG,64.98999786,Men,7248F12044A0790CD9933886D17234EB,8
450040,17870,20/03/2021 04:14:00,,34.76964893,Fashion Hoodies & Sweatshirts,The Big Bang Theory Bazinga Men Red Hoodie with Stripes,BG,64.98999786,Men,7248F12044A0790CD9933886D17234EB,8
452742,17870,20/12/2022 04:26:01,07/01/2023 09:04:01,34.76964893,Fashion Hoodies & Sweatshirts,The Big Bang Theory Bazinga Men Red Hoodie with Stripes,BG,64.98999786,Men,7248F12044A0790CD9933886D17234EB,8
452743,17870,23/08/2023 04:57:00,,34.76964893,Fashion Hoodies & Sweatshirts,The Big Bang Theory Bazinga Men Red Hoodie with Stripes,BG,64.98999786,Men,7248F12044A0790CD9933886D17234EB,8
452744,17870,29/09/2020 00:01:00,,34.76964893,Fashion Hoodies & Sweatshirts,The Big Bang Theory Bazinga Men Red Hoodie with Stripes,BG,64.98999786,Men,7248F12044A0790CD9933886D17234EB,8
468426,17870,23/06/2021 18:16:12,14/07/2021 17:05:12,34.76964893,Fashion Hoodies & Sweatshirts,The Big Bang Theory Bazinga Men Red Hoodie with Stripes,BG,64.98999786,Men,7248F12044A0790CD9933886D17234EB,8
468427,17870,18/05/2023 13:29:00,,34.76964893,Fashion Hoodies & Sweatshirts,The Big Bang Theory Bazinga Men Red Hoodie with Stripes,BG,64.98999786,Men,7248F12044A0790CD9933886D17234EB,8
113653,17914,19/08/2022 00:43:31,25/09/2022 00:27:31,29.04005045,Fashion Hoodies & Sweatshirts,The Big Bang Theory Soft Kitty Men Black Hoodie,BG,51.95000076,Men,8AEF1343F7C60C2DEE067172F139BFE0,8
113654,17914,04/06/2022 02:23:00,,29.04005045,Fashion Hoodies & Sweatshirts,The Big Bang Theory Soft Kitty Men Black Hoodie,BG,51.95000076,Men,8AEF1343F7C60C2DEE067172F139BFE0,8
113655,17914,29/01/2022 08:29:00,,29.04005045,Fashion Hoodies & Sweatshirts,The Big Bang Theory Soft Kitty Men Black Hoodie,BG,51.95000076,Men,8AEF1343F7C60C2DEE067172F139BFE0,8
134456,17914,30/03/2023 21:32:32,19/04/2023 22:29:32,29.04005045,Fashion Hoodies & Sweatshirts,The Big Bang Theory Soft Kitty Men Black Hoodie,BG,51.95000076,Men,8AEF1343F7C60C2DEE067172F139BFE0,8
134457,17914,11/07/2023 02:30:00,,29.04005045,Fashion Hoodies & Sweatshirts,The Big Bang Theory Soft Kitty Men Black Hoodie,BG,51.95000076,Men,8AEF1343F7C60C2DEE067172F139BFE0,8
134458,17914,12/10/2021 06:11:00,,29.04005045,Fashion Hoodies & Sweatshirts,The Big Bang Theory Soft Kitty Men Black Hoodie,BG,51.95000076,Men,8AEF1343F7C60C2DEE067172F139BFE0,8
424082,17914,18/12/2022 06:31:37,22/01/2023 02:57:37,29.04005045,Fashion Hoodies & Sweatshirts,The Big Bang Theory Soft Kitty Men Black Hoodie,BG,51.95000076,Men,8AEF1343F7C60C2DEE067172F139BFE0,8
424083,17914,16/02/2022 00:11:00,,29.04005045,Fashion Hoodies & Sweatshirts,The Big Bang Theory Soft Kitty Men Black Hoodie,BG,51.95000076,Men,8AEF1343F7C60C2DEE067172F139BFE0,8
434807,17914,23/09/2023 21:06:13,11/11/2023 12:15:13,29.04005045,Fashion Hoodies & Sweatshirts,The Big Bang Theory Soft Kitty Men Black Hoodie,BG,51.95000076,Men,8AEF1343F7C60C2DEE067172F139BFE0,8
434808,17914,02/12/2020 03:54:00,,29.04005045,Fashion Hoodies & Sweatshirts,The Big Bang Theory Soft Kitty Men Black Hoodie,BG,51.95000076,Men,8AEF1343F7C60C2DEE067172F139BFE0,8
434809,17914,20/09/2020 03:13:00,,29.04005045,Fashion Hoodies & Sweatshirts,The Big Bang Theory Soft Kitty Men Black Hoodie,BG,51.95000076,Men,8AEF1343F7C60C2DEE067172F139BFE0,8
434810,17914,03/02/2020 12:06:00,,29.04005045,Fashion Hoodies & Sweatshirts,The Big Bang Theory Soft Kitty Men Black Hoodie,BG,51.95000076,Men,8AEF1343F7C60C2DEE067172F139BFE0,8
106150,8791,09/09/2023 22:45:27,06/11/2023 15:38:27,24.95584054,Outerwear & Coats,Silver Down Jacket Glacier Shield Weather Resistant Womens Warm Coats CB Sports Collection,CB,59.99000168,Women,C9BC734C0663A142B7BEC265098F8DBF,8
106151,8791,02/11/2023 17:19:00,,24.95584054,Outerwear & Coats,Silver Down Jacket Glacier Shield Weather Resistant Womens Warm Coats CB Sports Collection,CB,59.99000168,Women,C9BC734C0663A142B7BEC265098F8DBF,8