id,cost,category,name,brand,retail_price,department,sku,distribution_center_id
27569,92.65256259,Swim,2XU Men's Swimmers Compression Long Sleeve Top,2XU,150.4100037,Men,B23C5765E165D83AA924FA8F13C05F25,1
27445,24.71966119,Swim,TYR Sport Men's Square Leg Short Swim Suit,TYR,38.99000168,Men,2AB7D3B23574C3DEA2BD278AFD0939AB,1
27457,15.89760026,Swim,TYR Sport Men's Solid Durafast Jammer Swim Suit,TYR,27.60000038,Men,8F831227B0EB6C6D09A0555531365933,1
27466,17.85000005,Swim,TYR Sport Men's Swim Short/Resistance Short Swim Suit,TYR,30,Men,67317D6DCC4CB778AEB9219565F5456B,1
27481,29.40800052,Swim,TYR Alliance Team Splice Jammer,TYR,45.95000076,Men,213C888198806EF1A0E2BBF2F4855C6C,1
27487,15.65558991,Swim,TYR Sport Men's 4-Inch Nylon Trainer-A Swim Suit,TYR,26.48999977,Men,978F39314267ADC0E1C50DB2615B467C,1
27510,22.57175048,Swim,TYR Sport Men's Solid Jammer Swim Suit,TYR,39.95000076,Men,4ECBB790F241666326D31F799EB85D1E,1
27529,22.82400012,Swim,TYR Sport Men's Poly Mesh Trainer Swim Suit,TYR,36,Men,C386CBA5332D11385672EE52D036E8C1,1
27537,24.35391107,Swim,TYR Sport Men's Alliance Durafast Splice Square Leg Swim Suit,TYR,39.99000168,Men,D012C46243D7E2391B64B221DFCC18E3,1
27552,19.3175505,Swim,TYR Sport Men's Solid Racer Swim Suit,TYR,33.95000076,Men,2AF9B1A840B4ECD522FE1CDA88C8385E,1
27599,16.43620017,Swim,TYR Sport Men's 8-Inch Nylon Team Trainer Swim Suit,TYR,26.51000023,Men,B856243E684B903DE6085DC70830792A,1
27674,27.06591952,Swim,TYR Sport Men's Firerock Splice Jammer Swim Suit,TYR,44.95999908,Men,18F16DE5C7012D9AB4E5DE2A0DCB829B,1
27812,14.8940399,Swim,TYR Sport Men's Solid Durafast Racer Swim Suit,TYR,24.98999977,Men,9729C9467900E712F46044A2E54DA67F,1
27960,15.07500004,Swim,TYR Sport Men's Firerock Splice Racer Swim Suit,TYR,25,Men,7428F98008346BB6AA6FC92D257505AB,1
27976,16.9357505,Swim,TYR Sport Men's Alliance Durafast Splice Racer Swim Suit,TYR,28.95000076,Men,8A39B5F5618C5F29CD29E10B4C15AADB,1
28039,21.69800009,Swim,TYR Sport Men's Universe Racer,TYR,38,Men,0B890A8CA95E146AE3686E4BD3B8C9D2,1
28167,24.84000005,Swim,TYR Sport Men's Universe Splice Jammer,TYR,40,Men,BBDBF47737D418BDC77C73EF28C50A49,1
28204,30.94000008,Swim,TYR Sport Men's Great White Epic Splice Jammer Swim Suit,TYR,52,Men,ECBC7B96B9EC7951187D0DA02230773D,1
27630,73.57999995,Swim,Onia Men's Calder 7.5 Swim Shorts,Onia,130,Men,4E111A3FE1958D7F4C0215BBA108DF0E,1
27946,93.67000023,Swim,Onia Men's Spanish Calder Swim Shorts,Onia,145,Men,E52265108325DAB81AB318B51C5C83A1,1
27912,31.808,Swim,2EROS - S03-07 - ICON2 Low Rise Quick Dry Swim Shorts - Black Mystic Pink or Blue,2EROS,56,Men,81DD4DF7529A4765132F4425191D1715,1
28165,23.11979105,Swim,Matix Men's Runway Boardshort,Matix,40.49000168,Men,219B690D203EB8A0FBFD52A4CB0214CF,1
27490,10.65272989,Swim,Alki'i Men's Boardshorts - Isla Palms,Alki'i,16.98999977,Men,F25A418B357E97B19BCC1A3EDA1AC864,1
27635,10.95854991,Swim,Alki'i Men's Hybrid Boardshorts - Surfer Postcard Print,Alki'i,16.98999977,Men,DA08A1D5B8F673D4CEAAD3B9EF9A17DE,1
27420,23.73950006,Swim,Hurley Young Men's Hurley One and Only Solid Boardshort,Hurley,39.5,Men,45E0C0AB1B34C475F4729D0E2B42A142,1
27425,30.50000006,Swim,Hurley Men's Hurley Puerto Rico Plaid Boardshort,Hurley,50,Men,DA5470B9E6792DBDC7EE450891B2945F,1
27442,41.86000008,Swim,Hurley Men's P60 Kings Road Boardshort,Hurley,65,Men,B6ECAC22311CCB4C6370BE154552F3E5,1
27443,27.58500008,Swim,Hurley Men's Sets Supersuede Boardshort,Hurley,45,Men,27A1E0E31BF1A18797D26F7796F1AE4E,1
27450,34.32000009,Swim,Hurley Men's Phantom 60 Boardshort,Hurley,55,Men,84FC80BE70D6FFD85F3F172F1F8EA150,1
27452,38.8050001,Swim,Hurley Men's Puerto Rico Road Phantom Boardshort,Hurley,65,Men,1FDD72B9FC6717195F76EA7C0783FA25,1
27460,78.2595001,Swim,Hurley Men's BP Solid Boardshort,Hurley,139.5,Men,EC67EC14E2F01A4BAEB2464A044AAEC1,1
27471,21.00000005,Swim,Hurley Men's  One and Only Long Sleeve Rashguard,Hurley,35,Men,2300B63AF8665D2C9B6944135776F084,1
27474,30.30500015,Swim,Hurley Men's Render 2-Way Stretch Board Short,Hurley,55,Men,4F67F486F9C069B4529A73C3F98642FE,1
27498,36.27000013,Swim,Hurley Men's Dimension Phantom Boardshort,Hurley,65,Men,273E78EDE0FF68FCF04AA41A3DD8D36B,1
27530,40.95000005,Swim,Hurley Men's Phantom Lynx Board Short,Hurley,65,Men,7F6667B99574125F65BA90C88D3C6CC3,1
27545,96.42750049,Swim,Hurley Men's 4D Boardshort,Hurley,149.5,Men,FE103355D7F731A557951558BA906D39,1
27546,34.3750001,Swim,Hurley Men's Change 2 Way Stretch Boardshort,Hurley,55,Men,EA0EFE8ECBC569D1E8349F2625CB6AF8,1
27561,29.55000009,Swim,Hurley Men's Puerto Rico Boardshort,Hurley,50,Men,D35A992032A0224ADC8231A4FF1C8330,1
27566,40.75500014,Swim,Hurley Men's Hex Phantom Boardshort,Hurley,65,Men,234D9CDB375D458CF93FB427A55DA75F,1
27571,64.20000009,Swim,Hurley Men's BP Fuse Boardshort,Hurley,100,Men,159222817F81958C839F0CE1903B247B,1
27594,41.27500011,Swim,Hurley Men's Shutter Phantom Boardshort,Hurley,65,Men,581A6E50827B30666330B83D8D0E3F59,1
27597,18.08230053,Swim,Hurley Men's  One and Only Short Sleeve Rashguard,Hurley,29.45000076,Men,34AC42F166AAB43CE18D720C21903CDA,1
27605,34.04500005,Swim,Hurley Men's Surface Two Way Stretch Boardshort,Hurley,55,Men,C46AA3E64C16B0ECF6BF60161A1E1C76,1
27634,27.81000003,Swim,Hurley Men's Fragment Supersuede Boardshort,Hurley,45,Men,3E8D386863A55823DB6767A73DCDD8F6,1
27647,37.70000013,Swim,Hurley Men's Horizon Phantom Boardshort,Hurley,65,Men,DF17389413B21CAB96900BE63F2C7EC4,1
27650,37.24500005,Swim,Hurley Men's Puerto Rico Sands Phantom Boardshort,Hurley,65,Men,28C9325A8CF6C9B1EE059630AFC5A838,1
27653,26.28000003,Swim,Hurley Men's Amigo Supersuede Boardshort,Hurley,45,Men,3AF72C083DDB534A6FE310BC744B5809,1
27770,37.31000006,Swim,Hurley Men's Straps Phantom Boardshort,Hurley,65,Men,91139F12AE3F102E07A6C8C7333B685D,1
27784,40.85354812,Swim,Hurley Men's Nova Supersuede Boardshort,Hurley,64.94999695,Men,3FB2E1B55397557A0F3E4370D3AE2073,1
27790,41.60000004,Swim,Hurley Men's Phantom Block Party Fizz Boardshort,Hurley,65,Men,01EFE0C4FB62ADE937AFA0BDF2EA0844,1
27813,23.63960918,Swim,Hurley Men's Copy Supersuede Boardshort,Hurley,38.18999863,Men,FC2208D8522B90CF01368D83DBFE9906,1
27825,82.69384837,Swim,Hurley Men's 4d Solid Phantom Boardshort,Hurley,139.4499969,Men,678B164AF814E464DA11645ECC25BC28,1
27826,42.15254803,Swim,Hurley Men's Puerto Rico Space Phantom Boardshort,Hurley,64.94999695,Men,CD42A075F19BF80F59B7D826C6C2D43D,1
27834,13.13475003,Swim,Hurley Blue Orange and Gray Stagger Board Shorts,Hurley,20.75,Men,235A4B01CCA43EAD1A2435EC19C04BAB,1
27847,32.23000006,Swim,Hurley Men's Void 2 Way Stretch Boardshort,Hurley,55,Men,3708D4192EC0D016F3DA6CC2871131CE,1
27874,30.85500004,Swim,Hurley Men's Puerto Rico Merge 2 Way Stretch Boardshort,Hurley,55,Men,F190C7C5AF3DB9C194E4B1A0F7326CDC,1
27903,38.25850018,Swim,Hurley Men's Motion Phantom Boardshort,Hurley,59.5,Men,388E1FDE50EB5883AD7B020FDB42B250,1
27910,24.88500014,Swim,Hurley Men's Supersuede Future Boardshort,Hurley,45,Men,20BD92D00294780CA1AA5DCBB4474E36,1
27945,32.57265059,Swim,Hurley Phantom Con Boardshorts - Black,Hurley,51.95000076,Men,0C9AECD2692CFE28067BB0EBA9AE409A,1
27954,25.6500001,Swim,Hurley Men's Bolt Supersuede Boardshort,Hurley,45,Men,258D7A491108E4E48AF85B904CEF4654,1
27967,34.32000009,Swim,Hurley Men's Cruise Two Way Stretch Boardshort,Hurley,55,Men,3DB0C81B0A25AB06AF83BDE59115DD4B,1
27979,54.0012983,Swim,Hurley Men's Kinetic Phantom Boardshort,Hurley,87.94999695,Men,436C26ABD464041EFD354BC550F76482,1
27994,33.66000009,Swim,Hurley Men's Kontact 2 Way Stretch Boardshort,Hurley,55,Men,48D876F58339D8B4ED094C76F77ED049,1
28042,42.12000012,Swim,Hurley Phantom Con Board Short - Men's,Hurley,65,Men,4B7A9B570D5CCA47A756A4A69317BA91,1
28127,37.09680058,Swim,Hurley Men's Cool By The Pool Boardwalk Short,Hurley,59.45000076,Men,4DA9E81F4BB667B11E3B1064B10FB2C3,1
28131,23.76320071,Swim,Hurley Men's Current Embroidered Board Short,Hurley,37.13000107,Men,A8D6452AD4FEB2545D93DE0400874B63,1
28234,13.91823999,Swim,Hurley Men's P60 Fuse Boardshort,Hurley,24.07999992,Men,B110AE3636FC62AEE44893300D695F99,1
28250,40.72364823,Swim,Hurley Men's Phantom Straps Boardshort,Hurley,64.94999695,Men,88223ADE11C861267DCCBC28768B5003,1
27527,32.77800009,Swim,TRUNKS Men's Swami Short,TRUNKS,54,Men,20BA096F2D3DA322ED843F6A4BEE9A91,1
27734,23.85772114,Swim,TRUNKS Men's Salty Boardie Short,TRUNKS,37.99000168,Men,E0034A76C1F340348A2AC9ABF6FC7A85,1
27827,34.93799999,Swim,Trunks Men's San-O Full Elastic Shorts,TRUNKS,54,Men,30C395DCC0E469D351859F1E0499BD16,1
27809,24.76929078,Swim,Ezekiel Men's Cozumel Board Short,Ezekiel,44.31000137,Men,2EA4096FB5CD947A1AEEAD6447A922A6,1
27692,32.44800009,Swim,Rufskin - Parati -Rufskin Parati- Mesh Sunga Swimwear - Orange Lime or Lemon,Rufskin,52,Men,9C200F8828F730CA04DA43D74D2ADA6E,1
27758,34.44000006,Swim,Rufskin - Angra - Brazilian Sunga Swimwear with Stripes - Navy or Red,Rufskin,56,Men,A5A3663282AC29D27F5C633C87383CAD,1
27862,27.85500004,Swim,Rufskin - Palermo - Men's Stretchy Super Mesh Low Rise European Cut Bikini,Rufskin,45,Men,0BA41B0D638CE6603BA3187AF10EA9CA,1
27916,33.10200009,Swim,Rufskin - Buzio - Brazilian Mesh Sunga - White or Black,Rufskin,54,Men,11E7A6A3701B0A2593FAEF99048A2C86,1
27922,29.71200004,Swim,Rufskin Spencer - Red White and Blue Sunga Cut Swimming Trunks,Rufskin,48,Men,DA7327E0425C9F9B80F95ABEBEA29C3A,1
27958,34.344,Swim,Rufskin - Araial - Brazilian Sunga Bikini with Solid Black Back,Rufskin,54,Men,352DECC1E8F3D97FCDB53AF60CBE1F53,1
28001,28.65200014,Swim,Rufskin - Napoli - Square Cut Swim Trunk,Rufskin,52,Men,381A4C3E139CD966CEF9407AB2419A9A,1
28017,32.00000003,Swim,Rufskin - Brasrod - Brazilian Sunga Black Swimsuit,Rufskin,50,Men,F1E9E809306242B3CF6803CEC01D1771,1
28125,30.42000009,Swim,Rufskin - Tijuca - Brazilian Asymmetrical Wave Sunga Two Toned Asymmetrical Wave Sunga Swimwear - Navy or White,Rufskin,52,Men,F6A0809B7F72D3310DC58FF04B5FADD8,1
28135,30.57600007,Swim,Rufskin SW6707 - Paraggi - Photo-Print Front Sunga Cut Swimsuit,Rufskin,52,Men,3F12CC3464D7A80A7706F970DC254BB7,1
28198,17.85719919,Swim,Converse Board Shorts,Converse,32.34999847,Men,13EFEC348E66852991BC20ED97CAA574,1
27802,24.42000005,Swim,Nat Nast Men's Natatorium Swim Trunk,Nat Nast,41.25,Men,D484A3FDE40E65E19C2799B9B529C82E,1
27838,27.65468938,Swim,Nat Nast Men's Deep Pockets,Nat Nast,50.18999863,Men,1041A1C29970D80D56B6DC22A9F4AB31,1
27848,26.42674032,Swim,Nat Nast Men's All Day Everyday,Nat Nast,45.02000046,Men,5CC9BBD6C9C018E4642E8BF7292D65CE,1
27578,20.02635046,Swim,Rip Curl Men's Classic Short Sleeve Wave Lycra Rash Guard,Rip Curl,34.95000076,Men,66AD4C25533779BFE270868C28B48B8D,1
27755,19.74819105,Swim,Rip Curl Wetsuits Men's Daily Dosage Boardshort,Rip Curl,33.99000168,Men,94BD0D00E32AB21DF4C5CDFDB2125CB4,1
27767,34.92650007,Swim,Rip Curl Men's Mirage Flex Aggrolite Short,Rip Curl,59.5,Men,2DA5A68C98274485ADC266E224D77B0F,1
27798,30.91143982,Swim,Rip Curl Wetsuits Men's Mirage Grid Lock Short,Rip Curl,53.47999954,Men,12B4A55CB5E13762B0B5E208041DD613,1
27846,35.32969111,Swim,Rip Curl Men's Mirage Aggrolite Plus Boardshort,Rip Curl,55.99000168,Men,E54C7A057F1D638A840D301EF7DA5473,1
27872,38.98950005,Swim,Rip Curl Men's Mirage Hektic Short,Rip Curl,69.5,Men,0F4EC68D74CEFD79FC0F45D3921C14B7,1
27999,29.28420046,Swim,Rip Curl Men's Mirage Tangent Short,Rip Curl,52.20000076,Men,ABDD2931B521CCF6F0F80F7D6A540928,1
28095,20.60343094,Swim,Rip Curl Wetsuits Men's Stoke Boardshort,Rip Curl,36.99000168,Men,C4CAF9E04A0D4F83565449F2CCE9D5D5,1
28098,36.56684835,Swim,Rip Curl Men's Hotskin Short Sleeve Jacket,Rip Curl,64.94999695,Men,82166899AA3DB47B87226F5E2ABFBCA7,1
28186,20.57699921,Swim,Rip Curl Mirage Flex Accelerate,Rip Curl,36.09999847,Men,ADD6AB8551D16AA6FBE68C50F740CC94,1
28264,23.10139921,Swim,Rip Curl Wetsuits Men's Mirage Flex Freedom Boardshort,Rip Curl,40.59999847,Men,BC42A91889FFC14111C4EAE0557C5259,1
28265,23.97551997,Swim,Rip Curl Wetsuits Men's Mirage Core Boardshort,Rip Curl,40.15999985,Men,1A7DA998DED68C09B6FB68853539E59A,1
28273,23.89554114,Swim,Rip Curl Wetsuits Men's Lurid Boardshort Boardshort,Rip Curl,36.99000168,Men,373590403F80D686F78B18A45DDD22EF,1
28288,45.89129832,Swim,Rip Curl Men's Dawn Patrol Long Sleeve Jacket,Rip Curl,79.94999695,Men,D1AD628529079C3394DAB80EBDF3604E,1
27558,24.66200001,Swim,Teal Cove Men's 9 Inch Paneled Pipe Boardshort,Teal Cove,38,Men,FCEC608F0259E123AA4C88A4A51ABC50,1
27642,12.89200002,Swim,Joe Snyder Bulge Thong-Purple,Joe Snyder,22,Men,C7710CAFF9842968FAC74321FD95B77C,1
28241,16.55100005,Swim,Joe Snyder Cheek Trunk Light Blue,Joe Snyder,27,Men,C82D64A97A01AC0869FCB90CD22B96C0,1
27641,20.4940811,Swim,Stohlquist Men's Long Sleeve Burnout Rashguard,Stohlquist,35.58000183,Men,C447DEC4C6828275655416D3CEEBC18F,1
27870,49.54920114,Swim,Stohlquist Men's 1mm Coreheater Longsleeved Shirt,Stohlquist,78.90000153,Men,A28477D0C57129B93D95BAF171634582,1
27873,17.03850041,Swim,Stohlquist Men's Short Sleeve Burnout Rashguard,Stohlquist,30.70000076,Men,F2F25C1B2EA4636E7CF2190A36677F98,1
27909,28.07999961,Swim,Stohlquist Men's Long Sleeve P2 Insulated Shirt,Stohlquist,46.79999924,Men,0ED83CA5894F30AED6DA389D630D89A3,1
27596,8.534599792,Swim,New Men's Sexy Center Patch Bikini Swimsuit 3G by Gregg Homme,Gregg Homme,13.89999962,Men,04D81FCED5C98DD0927231751561D1FE,1
27633,7.275599824,Swim,New Men's Sexy Center Patch Bikini Swimsuit 3G by Gregg Homme,Gregg Homme,12.89999962,Men,13F23623684F53A45A8560F79CCE5411,1
27720,8.359199777,Swim,New Men's Sexy Center Patch Bikini Swimsuit 3G by Gregg Homme,Gregg Homme,12.89999962,Men,7184CCB00D0D0660DC447BACF4EAFBBE,1
27883,7.752899791,Swim,New Men's Sexy Center Patch Thong Swimsuit 3G by Gregg Homme,Gregg Homme,12.89999962,Men,6B36917C087C21E48531EA1309AC0147,1
27902,32.8860001,Swim,Gregg Homme 102625 - Magnetic - Sexy and Quick Drying Bikini Brief Swimwear,Gregg Homme,58,Men,FBF697A2B5EED2F138A85082A119B815,1
27988,24.30142988,Swim,3G Cargo Swim Square Cut Trunk 65845,Gregg Homme,40.56999969,Men,731D1FFC634F4E5AC44B01592B12A0AD,1
28168,20.25111072,Swim,Mens Sexy Bandana Brazilian Cut Swimwear 3G by Gregg Homme,Gregg Homme,35.97000122,Men,0410F7A88C51CC43C5B987D4CAF2406A,1
28196,18.47544071,Swim,Mens Sexy Atlantic Biker Cut Swimwear 3G by Gregg Homme,Gregg Homme,33.47000122,Men,8B9845FA0B5CE34FB2DE2050A0BB1353,1
28025,23.16000007,Swim,555 Turnpike Big & Tall Plaid Swim Trunks,555 Turnpike,40,Men,119E3B320ED9A4694E5173C3B64591F1,1
28179,17.6041299,Swim,Canyon Ridge Big & Tall Solid Swim Trunks,Canyon Ridge,29.98999977,Men,8467AE9D40EAB0D2E959428E140468CE,1
27926,20.67200006,Swim,N2N Bodywear A1 - Black Dynasty - Floral Design Swim Trunks,N2N Bodywear,34,Men,1A7F33274089FEFF1BAEF7286B95FE0E,1
28066,11.12000003,Swim,N2N Bodywear-LA Haze-Mens Low Rise Bikini Swimwear -Blue or Yellow,N2N Bodywear,20,Men,E5F69A36D50C3CB60DC35E49A62F4F24,1
27586,12.59369987,Swim,Men's Premium Athletic-Fit Swim Trunks - Cool Designs Available,Nvie Designs,19.98999977,Men,597626EEBEEFC042AFB36A69A049696D,1
27589,15.16167993,Swim,Caribbean Joe Men's Swim Trunks,Caribbean Joe,23.98999977,Men,DDCCF393356F010BC68C23D9BC76E917,1
27731,9.233839893,Swim,Caribbean Joe Men's Swim Trunks Shorts,Caribbean Joe,14.98999977,Men,7E85AB219B917D0E0E7E8FC8B9EE92B8,1
27608,20.71872068,Swim,Maui and Sons Solid Swim Trunk,Maui and Sons,34.88000107,Men,414CB71EC2809A5FDA79A2463125DDEE,1
28099,25.2041608,Swim,Maui and Sons Print Swim Trunk,Maui and Sons,39.88000107,Men,0A688AD7351B2E3CFEC7EE3112206E6B,1
28251,41.4915001,Swim,Men's Tommy Hilfiger Swimming Trunks Bathing Suit Tropical Fish,Tommy Hilfiger,69.5,Men,1DFBAC99BFB6D351EFE1814D7339E9D9,1
27982,32.15000015,Swim,Island Passport Big & Tall Hibiscus Cargo Swim Trunks,Island Passport,50,Men,AA2BD246ADDCC5892184BDF6BA9580CE,1
28067,21.02400003,Swim,Pistol Pete PP-BK213-97-Marine - Side Buckle Easy Access Bikini Brief Swimwear- White Navy or Red,Pistol Pete Underwear,36,Men,F414BBF6BE1465190EFF64BBA29DE004,1
28076,35.80693112,Swim,LRG Salamander Camo Boardwalk Short - Men's,LRG,58.99000168,Men,163E836B057FA98808F41048CBA1195F,2
28079,31.75200009,Swim,LRG Core Logo Board Short - Men's,LRG,49,Men,7CF67A2DEF04352826BE6914E1BB5405,2
28065,18.15000004,Swim,Men's Jammers UPF50+ UV Sun Protective Swim Team Fitted Trunks,Tuga,30,Men,AD01564D8F0F4DA5627726CC96F717D6,2
28171,25.45200006,Swim,Clever Men's Lines Swimsuit Brief,Clever,42,Men,BF74CBE3722200F6FAD86AF0B239D900,2
28193,22.07800008,Swim,Clever Men's Mahalo Swimsuit Brief,Clever,38,Men,1952564FDA39FC3BB3638CC1AE8FD239,2
27779,25.01250005,Swim,Comune Men's Lukas Short,Comune,43.5,Men,B77670E4A9C8E282811958DCEA1493A1,2
27855,33.86061119,Swim,Hatley Blue Whales Men's Swim Trunks,Hatley,52.99000168,Men,6C766ED2F0289E20A8097CFDBA95F311,2
28132,31.82295054,Swim,Hatley Surfer Dude Men's Swim Trunks,Hatley,52.95000076,Men,2CCC3ED7FD2601E8F77299DDBF89CBCB,2
27817,30.30440063,Swim,Brixton Men's Plank Boardshort,Brixton,47.95000076,Men,67BA8120F499C6706644CE234FC5EE1C,2
27865,20.55029104,Swim,Brixton Men's Volt Boardshort,Brixton,35.99000168,Men,D13D62B286A371638640A3F4638F1629,2
27956,22.42845052,Swim,Brixton Men's Plank Slim Leg Trunk,Brixton,37.95000076,Men,4A3F8E93A3DE2A2650A129D7FA060BB4,2
28148,27.46095046,Swim,Timoteo Speedster Swim Trunks - Grey,Timoteo,48.95000076,Men,3EB1C847B742640FD6C2AE1853D0E313,2
27996,18.74374991,Swim,Champion Long Mesh Shorts with Pockets,Champion,29.98999977,Men,9C5A8459378E1485355E2CB93522E311,2
28085,14.09571984,Swim,Champion 3.7 oz. Lacrosse Mesh Short,Champion,21.81999969,Men,BF95B1669852932F77DC04F5EE405B7B,2
28143,16.62324994,Swim,Realtree Men's Solid Superfly Swim Short,Realtree,28.90999985,Men,80CB2002656131B6EE8C02AB8FE076E0,2
28280,11.35260024,Swim,Cloudveil Men's Kahuna Short,Cloudveil,17.85000038,Men,8483C7571AF3B612E0C3538DA027BE95,2
27765,37.87800005,Swim,Hugo Boss Men Lobster Swim Shorts,HUGO BOSS,59,Men,E6A75BE3243049A89E4CB0CFDDC81082,2
27769,35.25164919,Swim,Hugo Boss Starfish Swim Shorts Turquoise,HUGO BOSS,59.84999847,Men,10155A0CC6DDE7D912D2AC796956876D,2
27788,44.85000015,Swim,Orange Line By Hugo Boss Men's Swimwear Shorts Andoya Navy Blue Trunk ST #50180060,HUGO BOSS,69,Men,E17F6CB9DAEC3848CB0CB5DB5ECBCCDF,2
27842,20.47709959,Swim,Hugo Boss Male Swim Short 50200434,HUGO BOSS,34.29999924,Men,6D96C43D1905C9A852DBA3DD5370E0C4,2
27844,38.33600009,Swim,Hugo Boss Andaman Swim Boardshort 50220540,HUGO BOSS,64,Men,DC252F02F741393277F971AEB297E2EF,2
28220,18.34900004,Swim,Hugo Boss Men's Swimwear Shorts Laternfish BM Black ST #50220849,HUGO BOSS,29.5,Men,1DEAC92DD0C21EA46585FE693B4330EC,2
27753,34.63300007,Swim,Throwdown Riot Men's Board Shorts Fight Swim American Flag,Throwdown,59,Men,0FF0A77035F9569943049ED3E980BB0D,2
27878,25.27368118,Swim,Throwdown Hit Squad Men's Board Shorts Fight Swim Trademark,Throwdown,39.99000168,Men,4A2D84630E650155DD3F0D107C9794A9,2
28172,33.74800004,Swim,Throwdown Caged Men's Board Shorts Fight Swim Eagle,Throwdown,59,Men,0B22D776D04EC3700B711ED6677895DD,2
28189,21.17500005,Swim,Wildman T WT-43B - Contrast Banned Square Cut Swimuit w/ Ball Lifter Cock-Ring,Wildman T,35,Men,36A9D56A4BACAED4D64A6E34E4CE1A85,2
28005,16.20000004,Swim,Ocean Current Men's Oxy Boardshort,Ocean Current,27,Men,C1481A88D8E582CE58F9413D5AC93360,2
28014,15.95700005,Swim,Ocean Current Men's Feeds Boardshort,Ocean Current,27,Men,8936B2F3BEB50769AB4801BD148BA0BD,2
27861,14.72050049,Swim,Men's UV Rash Guard Shirt - Long Sleeve Gun Metal Grey,The Beach Depot,24.95000076,Men,04B01177431497D8545941C662C2A3A6,2
28000,17.31110049,Swim,Beach Depot UPF 50+ Men's Short Sleeve Rash Guard Shirt,The Beach Depot,29.95000076,Men,3058EF543CA71BAA53A5B902ACC37B71,2
28212,18.59895051,Swim,Beach Depot UPF 50+ Men's Long Sleeve Rash Guard Shirt,The Beach Depot,29.95000076,Men,E7BB900E1736CA0D271B420AE968C9DA,2
27459,38.48000007,Swim,Original Penguin Men's Earl Solid Volley Swim Short,Original Penguin,65,Men,00A88476F623E4B554A2277FA4DE42A0,2
27565,41.14500009,Swim,Original Penguin Men's Box Swim Short,Original Penguin,65,Men,C73B2ECE3C47D44D3579A75ECE205595,2
27602,34.90885956,Swim,Original Penguin Men's Printed Volley Swim Trunk,Original Penguin,54.45999908,Men,1DC4BA5CAABA57334A8814D7AB736E76,2
27654,42.84900008,Swim,Original Penguin Men's Volley Swim Short,Original Penguin,69,Men,C00E300D85CC5E5F0D11A782DA9BF045,2
27657,39.65000008,Swim,Original Penguin Men's Printed Volley Trunk,Original Penguin,65,Men,9B203B041A90F85433F0ACDE61AE1CC7,2
27684,37.70000013,Swim,Original Penguin Men's Box Swm Short,Original Penguin,65,Men,6920D7076C2DE8485AA00461C60F4150,2
27701,38.22000009,Swim,Original Penguin Men's Printed Volley Swim Trunk,Original Penguin,65,Men,8AB0AF4568A5B31A931EAF0AE9A738C3,2
27708,30.37725006,Swim,Original Penguin Men's Pieced Boardshort,Original Penguin,51.75,Men,80DCDB9CF644BBA63464A2795F93A562,2
27819,36.14000011,Swim,Original Penguin Men's Printed Box Swim Short,Original Penguin,65,Men,E10BB16C9FC310F560D696CA955E9E03,2
28221,41.67600012,Swim,Original Penguin Men's Volley Swim Short,Original Penguin,69,Men,2752A6FC31927EFAF4FF9F54B1C769CB,2
28202,36.1200001,Swim,Toes On The Nose Men's Backyards Boardshort,Toes on the Nose,60,Men,37DA327024595CDB77D6FD933F43D6B9,2
28281,37.35200007,Swim,Toes on the Nose Men's T-Street Boardshort,Toes on the Nose,58,Men,542907B161D7AFD16500FB0B7DAC5329,2
28078,41.99439898,Swim,Polo Ralph Lauren Men's White Logo Board Shorts,Polo Ralph Lauren,74.98999786,Men,97AC043E24F12CE6B09BB8817EFCE982,2
28219,56.56400027,Swim,Polo Ralph Lauren Mens Big Pony Beach Shop Swim Trunks,Polo Ralph Lauren,89.5,Men,941510C72491F8137E7F4A306AEFE69B,2
28009,14.24429992,Swim,Hook & Tackle Nylon BeerCan Trunks,Hook & Tackle Clothing,24.98999977,Men,D6F3B91CD2D825CF868DB8B60714C477,2
27543,19.87200004,Swim,Harbor Bay Big & Tall Swim Rash Guard,,36,Men,50E9EA9C1BC5E6067AB7C0D8FBDD5F21,3
27640,29.35350006,Swim,O'Neill Hangover Boardshorts,,49.5,Men,42ADA6A116005062613A49ADD8AB908B,3
27538,9.94577988,Swim,Uzzi Mens Solid Color Shorts,Elan,15.98999977,Men,509EA0C1F4A210534EB004D35C10AA2D,3
27516,18.68215989,Swim,Finis Men's Jammer Swim Suit,FINIS,31.98999977,Men,AF5A968312F8D1E3246A966FAC1606DA,3
27801,61.4938488,Swim,Finis Men's Hydrospeed 2 Jammer Swimsuit,FINIS,99.98999786,Men,C2022B24F0B91DE47194BCC16E578F02,3
27821,119.3940336,Swim,Finis Men's Hydrospeed Velo Jammer Swimsuit,FINIS,199.9900055,Men,FBABBE3076A43F86B9B6D4CDA87A4F57,3
27931,81.11376365,Swim,Finis Men's Hydrospeed Flux Jammer Swimsuit,FINIS,129.9900055,Men,952DCEC392CA2F4667F334B1F8853370,3
27993,16.01027989,Swim,FINIS Men's Water Polo Suit,FINIS,27.98999977,Men,ACBCD0C9B20213125418321EF002F24D,3
28128,18.56380988,Swim,FINIS Men's Drag Suit,FINIS,29.98999977,Men,528559760DE976AC94D5237046A7F9FE,3
28052,29.20500001,Swim,Cocksox CX24PR- Low Rise Brief Swimwear - Striped,Cocksox,45,Men,18E2D42BEDE1F02C67E040D1657BA805,3
28158,31.14800008,Swim,Cocksox Swim Bikini CX02,Cocksox,52,Men,E3C529D02426DBEEFAD9B3206537DEBA,3
28203,55.08000016,Swim,Lacoste Drawstring Vertical Logo Swim Trunk,Lacoste,85,Men,0E1B703E310ABF1B3932ABF6806F9C39,3
27778,23.34504072,Swim,Maui and Sons Stripe Swim Trunk,Profile,36.88000107,Men,D50D0303890944DFB29758BD058F3865,3
28028,23.3819208,Swim,Maui and Sons Stripe Swim Trunk,Profile,36.88000107,Men,604EE6361F8A853C947EDE4E3C9DA372,3
27841,33.07303927,Swim,Pull-In Men's Tzar Swimwear Short,Pull-in,53.68999863,Men,440F6C8CFF231324EF7B29D63926DE7E,3
27668,48.98000008,Swim,Zanerobe Men's Lennox Board Short,Zanerobe,79,Men,DC274708BBA5DF6E8B2D99932A71B1FF,3
27777,44.78100001,Swim,Zanerobe Men's Hobie Short,Zanerobe,69,Men,8F1AC1569697283FB7739ACF854FEF05,3
28063,34.27900012,Swim,Zanerobe Men's Nippa Short,Zanerobe,59,Men,76EF690583787DBD1405245DC8D9D72A,3
28141,47.87400012,Swim,Zanerobe Men's Hobie Printed Short,Zanerobe,79,Men,0AB3CCB82336B69BAE70A0D2D6AC514E,3
28153,38.36400012,Swim,Zanerobe Men's Avalon Stripe Short,Zanerobe,69,Men,FDE07BA82B25F95AFA9D080819F95717,3
27712,22.16740014,Swim,Ted Baker Men's Mid Length Short,Ted Baker,36.34000015,Men,C30729ADC645E1B908C3A1AC09527804,3
27752,19.81925983,Swim,Ted Baker Men's Shortty Trunk,Ted Baker,32.06999969,Men,F816FDCB111B79750431CE758E283EAD,3
28053,22.99832095,Swim,Ted Baker Men's Stroppi Side Seam Short,Ted Baker,40.49000168,Men,4DF6CBC5729A0EDA1D4AECBB08FBE9F9,3
28083,48.15000007,Swim,Ted Baker Men's Swim Shorty Swim Short,Ted Baker,75,Men,F3678D7C62C8FB66CF6B7946DC16A20E,3
28091,54.65500025,Swim,Ted Baker Men's Corgie Mid Length Short,Ted Baker,85,Men,068BCDAD6ACCBEE0B2ADC53CB82EB533,3
28246,43.2000001,Swim,Ted Baker Men's Shorrti Fashion Swim Trunks,Ted Baker,75,Men,A69B2C975D4194C1EA375C1DFFDE56F1,3
27944,23.95401106,Swim,Men's UV Swim Shirt--Short Sleeve,Brookstone,39.99000168,Men,EF6F4E4FCA9990A2896EA9CDF70FBE98,3
27703,23.12000006,Swim,Island Outfitters Big & Tall Hibiscus Print Swim Trunks,Calvin Klein,40,Men,8C5B85B2E2EFB5BC2756A63747C720E9,3
27724,47.73000024,Swim,Calvin Klein Men's Voltage Stripe Drawstring Swim Short,Calvin Klein,74,Men,FEB5E1C0C06A4737A6896B65F99808CD,3
27736,41.8100001,Swim,Calvin Klein Men's Colorblock Boardshort,Calvin Klein,74,Men,F5C5E3CA89F12880365AD4EE57DA206D,3
27879,27.71400006,Swim,Calvin Klein Men's Colorblock Trunk Brief,Calvin Klein,46.5,Men,8553BF408BB98C10BF0FDD4220B50329,3
27911,43.66000013,Swim,Calvin Klein Men's Bermuda Swim Short,Calvin Klein,74,Men,390C177EDC5866C87D55BE2372632892,3
27995,41.66200007,Swim,Calvin Klein Men's Tubular Stripe Boardshort,Calvin Klein,74,Men,56BB5873CD75A9D4D2297208D6BA3908,3
27679,14.32500002,Swim,Free Country Men's Solid Boardshort,Free Country,25,Men,0C8909417BAF3B7A3C6BD945EC42AF8E,3
27898,14.62500005,Swim,Free Country Men's Catalina Boardshorts,Free Country,25,Men,7577C54EA4B4258F50A4477DBD1BCA3A,3
27957,14.00000006,Swim,Free Country Men's Dipper Boardshorts,Free Country,25,Men,1FE37085233F04789C85AFA0A8B3F7B3,3
28012,10.63439992,Swim,Free Country Men's Island Palm Plaid Free C Board Swimsuit,Free Country,18.98999977,Men,C078B7F3B67CAB3FB9DC45E5165B2264,3
27942,21.72800051,Swim,Sons of Anarchy Reaper Argyle Gray Mens Boardshorts,Sons of Anarchy,33.95000076,Men,AA59DFE9CEA81F87553C5D9F1046A84F,3
28105,25.27368118,Swim,Island Outfitters Big & Tall Hibiscus Swim Trunks,Island Outfitters,39.99000168,Men,4231962B766E3F90F64FA07E4FC2D5CF,3
27465,30.40200005,Swim,DC Men's Lanai Boardshort,DC,54,Men,147B624905D86D07DF54EA3202757251,4
27714,33.91200013,Swim,DC Men's Lunchmeat Boardshort,DC,54,Men,1BE8FD8B3A8C708087F963B46E2A8F73,4
27803,38.00600011,Swim,DC Men's Rigby Engineered Novelty Print Board Short,DC,62,Men,A1CCA570D199AC216E010A0C4E770FAA,4
27808,32.8320001,Swim,DC Men's Scramble Engineered Novelty Print Board Short,DC,54,Men,60CA0083F9F3C57B8A91C3022D460C55,4
27901,29.86200017,Swim,DC Men's Cartridge Engineered Splatter Print Board Short,DC,54,Men,62AB3CE23F9884DB423CE886EB945289,4
28055,35.57700009,Swim,DC Men's Flecktone Boardshort,DC,59,Men,C9A4268367A43297BA960EB5BD78155C,4
28215,40.03200009,Swim,DC Men's Straight Pant,DC,69.5,Men,738C045D6205C050D3D6C57E5E6F2D76,4
28228,37.38000009,Swim,DC Men's Mcgarrett Aloha Print Board Short,DC,60,Men,90F0B00FD44AE507B39FF6D87E26F2B2,4
27757,16.40800003,Swim,Jor - Sport - Comfortable Boxer Swimwear with Contrasting Color Side Stripes Trim and Waistband - White Blue Grey or Black,Jor,28,Men,F5EF2786B0FEA10EFE543E7BBA170C12,4
27562,23.25000004,Swim,IZOD Men's Colorblock Swim Short,IZOD,37.5,Men,5FFDC65E9D413E3ACD7B8BA5D03477A1,4
27746,22.76250006,Swim,IZOD Men's Colorblock Stripe Swim Short,IZOD,37.5,Men,9248AFA3AE57517509334EAE846760A2,4
27776,20.85000006,Swim,IZOD Men's Plaid Swim Short,IZOD,37.5,Men,29E7194C26EDBD863982BE2ADEA39E4C,4
28209,35.16800052,Swim,Enjoi New Jersey Board Short - Men's,Enjoi,54.95000076,Men,7C88B74F49D5CFAC39702E8E947CB0C0,4
27419,24.84300008,Swim,Speedo Men's Race Endurance+ Polyester Solid Square Leg Swimsuit,Speedo,39,Men,EB30A0EDE6E02B3430FE84FC601275E6,4
27421,24.39600004,Swim,Speedo Men's Core Basic Rally Solid Volley Fashion Swimsuit,Speedo,38,Men,ACA1DE509B1D10131783122F42EE4C75,4
27422,26.18000007,Swim,Speedo Men's Race Endurance+ Polyester Solid Jammer Swimsuit,Speedo,44,Men,36B5CDE3DF91A145D823508F9B5C9C91,4
27428,21.70800005,Swim,Speedo Men's Fashion Polyester Taslan Solid Striped Surf Runner Volley 14 Outseam Watershort Swimsuit,Speedo,36,Men,55B124CF54EAF98AACB86A307878DB18,4
27431,29.87963903,Swim,Speedo Men's Sonic Splice Jammer Swimsuit,Speedo,46.75999832,Men,31C9F58AA5C02D63ABFA65BF94DD602E,4
27432,23.36615043,Swim,Speedo Men's Solid Jammer Bathing Suit,Speedo,41.95000076,Men,0EEA9B5A14FFF04FE8C0EBF78BC90D63,4
27434,17.8920005,Swim,Speedo Men's Keepin' On Short Sleeve Rashguard Swim Tee,Speedo,31.95000076,Men,4BD38459B51DAA051B296C53E525C2AB,4
27436,27.6192005,Swim,Speedo Men's Rapid Splice Xtra Life Lycra Jammer Swimsuit,Speedo,47.95000076,Men,E3ABA3971C560BCD3591124675A8FB57,4
27438,21.62615055,Swim,Speedo Men's Fashion Xtra Life Lycra Solid Solar 1 Brief Swimsuit,Speedo,33.95000076,Men,1CBB2344A50511F9EA581E66C5CC54F7,4
27440,24.20970052,Swim,Speedo Men's Rapid Splice Xtra Life Lycra Brief Swimsuit,Speedo,39.95000076,Men,3AF6EA3031831159E1A10433860E2E47,4
27444,20.08607996,Swim,Speedo Men's Poly Mesh Square Leg Bathing Suit,Speedo,34.15999985,Men,A49477811EA58F8124BA7AF69931FFA6,4
27448,30.69386113,Swim,Speedo Men's Tropical Wash Splice With Mesh Volley Water Short,Speedo,49.99000168,Men,BC354CF7B5F838D2B1E8A51A0282ACDD,4
27454,32.20000006,Swim,Speedo Men's Mighty Python Xtra Life Lycra Jammer Swimsuit,Speedo,50,Men,2161C3FB9C53F90509028A2179494696,4
27455,31.69653108,Swim,Speedo Men's Mercury Splice Endurance Plus Jammer Swimsuit,Speedo,48.99000168,Men,5DE402365CA7341B8B1E38B3013768E8,4
27456,22.79400106,Swim,Speedo Men's Mighty Python Xtra Life Lycra Brief Swimsuit,Speedo,37.99000168,Men,3B7DC46BB8C1CD27C5E259D59AEC73F3,4
27461,17.69975968,Swim,Speedo Men's Aqua Sites Endurance Plus Jammer Swimsuit,Speedo,31.71999931,Men,B928C4FA4FC95FD7E83A96FA48C76418,4
27462,19.51600003,Swim,Speedo Men's Shoreline 1 Inch Xtra Life Lycra Fashion Brief Swimsuit,Speedo,34,Men,B6B505FF2025D4DEC937E9DFBA52E4C2,4
27464,24.28935101,Swim,Speedo Men's Summit Square Leg Brief Swimsuit,Speedo,42.99000168,Men,C859DC7FB3F221F8598A9D851CB6199D,4
27468,28.65800007,Swim,Speedo Men's Fashion Xtra Life Lycra Solid Striped Shoreline Square Leg Swimsuit,Speedo,46,Men,1B2C7855C5FACCDEFF256F74EB0CA58B,4
27469,29.01600011,Swim,Speedo Men's Solar Wave Splice Volley Water Short,Speedo,52,Men,C5E53662E6CA2FED0B481AEF6BA3A77A,4
27470,26.83200002,Swim,Speedo Men's Team Collection Home Of The Fast Lycra Jammer Swimsuit,Speedo,48,Men,C4C0A50045458197AAF70402E5B29EF9,4
27476,18.58618993,Swim,Speedo Men's Easy Short Sleeve Rashguard Swim Tee,Speedo,31.98999977,Men,07A46B1A155A3C07E34DED2C3EF8F8F3,4
27477,26.40200008,Swim,Speedo Men's Quantum Splice Jammer Bathing Suit,Speedo,43,Men,B78462E5BE3FC4DE5E8E703D4689C269,4
27478,19.16800051,Swim,Speedo Men's Race Nylon Lycra Blend Learn to Swim Solid Jammer Swimsuit,Speedo,29.95000076,Men,029C9620D62685FB5FC8CE8B375F13D5,4
27479,15.35000005,Swim,Speedo Men's Off The Grid Endurance Plus Brief Swimsuit,Speedo,25,Men,29D5DA36688AB12B521ACBF09DC19B3F,4
27485,20.7603005,Swim,Speedo Men's Nylon Stripe Square Leg Bathing Suit,Speedo,34.95000076,Men,4F5F4C42BD8B84CB379EF405BC5CF90F,4
27486,14.35000002,Swim,Speedo Men's Exploded Edge Xtra Life Lycra Jammer Swimsuit,Speedo,25,Men,56785794B4F2BFA3F27EC4BDBF15B0EB,4
27488,21.74400006,Swim,Speedo Men's Lifeguard Polyester Microfiber Solid Volley 20 Watershort,Speedo,36,Men,E30042EAC756B4ABE6167DFE3714466A,4
27492,20.70720049,Swim,Speedo Men's Easy Long Sleeve Rashguard Swim Tee,Speedo,35.95000076,Men,285FB42CB5E295F9249B7819417B3B77,4
27496,20.23735957,Swim,Speedo Men's Off The Grid Endurance Plus Jammer Swimsuit,Speedo,31.71999931,Men,7B18CEAE096A51A11C3F945ABECE6238,4
27504,21.90677969,Swim,Speedo Men's 3 Inch Active Brief Swimsuit,Speedo,36.38999939,Men,76819F255A4D6D1D4D956492094489EA,4
27505,32.88600006,Swim,Speedo Men's Velocity Splice E-Board Watershort,Speedo,54,Men,D2D26584B4FFBF0DE1AF4A7E9ECF3B68,4
27513,24.4018506,Swim,Speedo Men's Male Poly Mesh Training Suit,Speedo,37.95000076,Men,B257AB6A4D4452E181B7998B5C6E38BC,4
27517,14.72500004,Swim,Speedo Men's Boom Short Sleeve Rashguard Swim Tee,Speedo,25,Men,A256147C9ED7998D36A10038D1EAA7EA,4
27520,16.58446997,Swim,Speedo Men's Magnetic Blast Short Sleeve Rashguard Swim Tee,Speedo,29.98999977,Men,06CFD38CB4F1B2227CC7F5B8AADA2C96,4
27524,21.3543005,Swim,Speedo Men's Fashion or Race Xtra Life Lycra Solid Dive 5 Brief Swimsuit,Speedo,35.95000076,Men,C101EEBB637FA965D366C92C41A3751A,4
27533,83.97199865,Swim,Speedo Custom FSII Jammer,Speedo,149.9499969,Men,51A4481447F563D89973AADD7E6CB95B,4
27541,19.49805113,Swim,Speedo Men's Team Collection Bulldog Mesh Drag Swimsuit,Speedo,33.33000183,Men,FBFE2DF616B6864090539113663415F3,4
27548,28.3360001,Swim,Speedo Men's Diamond Illusion Square Leg Brief Swimsuit,Speedo,46,Men,1F0676FD3F275D08290DEC8157496A08,4
27554,29.01600011,Swim,Speedo Men's Team Collection Power Sprint Endurance Jammer Swimsuit,Speedo,52,Men,7500F543D4D00B34ABC82287370D1B5D,4
27559,42.55200014,Swim,Speedo Men's Race Aquablade Jammer Swimsuit,Speedo,72,Men,00B546D495D29EA025AF220831CEEE42,4
27570,16.10000003,Swim,Speedo Men's Remix Swim Brief,Speedo,25,Men,69C8C5B08DB98C39788C0C5BE3F1E8C8,4
27573,14.82500003,Swim,Speedo Men's Lifeguard 21 Boardshort,Speedo,25,Men,E624D754286D0AAC962F185F1A21809E,4
27580,32.29200008,Swim,Speedo Men's Classic Plaid Eboard Water Short,Speedo,54,Men,09963A393C5A37A7FDA7A40E4AB52972,4
27585,26.00900052,Swim,Speedo Men's X-Ray Vision Mesh Drag Swimsuit,Speedo,41.95000076,Men,1833AC47B85928F3B36D2676CA9DF03A,4
27611,17.79079984,Swim,Speedo Men's Team Collection Wave Spliced Boardshort,Speedo,28.14999962,Men,9890B5738941827EB39657583B4249FC,4
27618,17.3121005,Swim,Speedo Mens Zebra Haze Xtra Life Lycra Swim Brief,Speedo,28.95000076,Men,370FB2B33D19284EABDF0E7358298804,4
27620,33.22800012,Swim,Speedo Men's Team Collection Usa Replica Jammer Swimsuit,Speedo,52,Men,78E54F68143FF325ED05244EB2CD0172,4
27624,19.06992034,Swim,Speedo Men's Momentum Splice With Stretch Eboard Water Short,Speedo,29.52000046,Men,0171506E0818C24F1C01D1AAFC5DE8FF,4
27627,23.80000006,Swim,Speedo Men's Team Collection Home Of The Fast Lycra Brief Swimsuit,Speedo,40,Men,F62CF378D3F7A52D41B8AA7F031454C8,4
27628,37.68000014,Swim,Speedo Men's Easy Stripe Flx System Boardshort,Speedo,60,Men,3D2D0418E6F72774F366F5D741B8A6AD,4
27646,23.99540046,Swim,Speedo Men's Puzzle Me This Mesh Drag Swimsuit,Speedo,41.95000076,Men,614702957B7F03D0E9E4BCD2370C3A6D,4
27648,41.28000021,Swim,Speedo Men's Team Collection Sonic Boom Boardshort,Speedo,64,Men,09A04B5F6189F34A3A8BB148C87CCE78,4
27652,22.11600009,Swim,Speedo Men's Team Collection Star Bangled Glamour Water Polo Brief Swimsuit,Speedo,38,Men,C7B2FB1EA0FD38480989BD7119F5D225,4
27659,25.5936011,Swim,Speedo Men's Vortex Xtra Life Lycra Brief Swimsuit,Speedo,39.99000168,Men,0FEA24D4EDF999326DFA6C1D6F887B99,4
27664,29.1299311,Swim,Speedo Men's Vortex Splice Xtra Life Lycra Jammer,Speedo,47.99000168,Men,8AF7AA91DEA57EF40A8A11AFEA500470,4
27697,28.62615053,Swim,Speedo Men's Primal Splash Splice Xtra Life Lycra Jammer,Speedo,47.95000076,Men,E71A19DEDE1686A40E8FDDB2E0AA24AE,4
27705,21.02100006,Swim,Speedo FSI Brief Male,Speedo,33,Men,6DC959CF2C2DC5C782C0B94DF8EB5EA2,4
27707,26.53847108,Swim,Speedo Boys 8-20 Youth Circle Sound Splice Xtra Life Lycra Jammer,Speedo,47.99000168,Men,5DC8B954EC4E47BAFFC64F98D496282C,4
27725,31.19376113,Swim,Speedo Men's Classic Plaid Splice Volley Swim Short,Speedo,49.99000168,Men,636E471E7CDB12A636157397F2EC5189,4
27732,17.22029976,Swim,Speedo Men's Male Solid Nylon Training Suit,Speedo,28.22999954,Men,123F06C5F8BCD6E2BD7CAE3EEFAE4ABB,4
27737,22.96875007,Swim,Speedo Mens Mist Spliced Xtra Life Lycra Jammer Swimsuit,Speedo,36.75,Men,03731C9F1594352CCEA95AAE83FB690F,4
27745,25.49100053,Swim,Speedo Men's Mercury Splice Endurance Plus Brief Swimsuit,Speedo,43.95000076,Men,19F922993A891C3B0A87D7C85736533B,4
27759,32.17544892,Swim,Speedo Men's Reverb Splice Endurance Plus Jammer,Speedo,50.66999817,Men,B54DAF1B0028F1C892D8E3A56261D078,4
27762,24.56805044,Swim,Speedo Men's Reverb Endurance Plus Brief Swimsuit,Speedo,43.95000076,Men,D6D83FD1ACD1918A677906AFC9BDC1D7,4
27789,31.4937011,Swim,Speedo Men's Weathered Floral Volley Swim Short,Speedo,49.99000168,Men,5B66EC8455908BC3618FD7642ADAB7A8,4
27843,29.23658902,Swim,Speedo Men's Snake Bit Splice Endurance Plus Jammer,Speedo,50.66999817,Men,DFE038A9E495E62CCD74953C05F7BC71,4
27845,22.81047887,Swim,Speedo Men's Tropical Mirage Flx System Stretch Boardshort,Speedo,35.41999817,Men,B1661115563269CF1DB1947062BE75EA,4
27866,20.0843995,Swim,Speedo Men's Blended Stripe Flx System Boardshort,Speedo,31.87999916,Men,5F6F7B11088DE6D2CD70A2CCC6130D1F,4
27880,17.74152032,Swim,Speedo Men's Solar Wave Eboard Print Water Short,Speedo,29.52000046,Men,30817601ADBC53CC3D07EE109C602083,4
27890,33.64200008,Swim,Speedo Men's Ridge Embroidered Eboard Water Short,Speedo,54,Men,0FE044BAD66866C2A880E6D7CB4A045A,4
27962,18.09576033,Swim,Speedo Men's Wipe Out Floral E-Board Watershort,Speedo,29.52000046,Men,B7720952EB73703ED33B3F05DDD2690A,4
28047,21.84375054,Swim,Speedo Sonic Splice Jammer Male Youth,Speedo,34.95000076,Men,6BA927E95E97F5564105147A9D188931,4
28048,29.51385109,Swim,Speedo Men's Fractal Point Splice Xtra Life Lycra Jammer,Speedo,47.99000168,Men,E9527AEC68523B8CEB74E12B8685B96A,4
28058,18.43200004,Swim,Speedo Men's Breastroke 4 Hope Spliced Brief Swimsuit,Speedo,32,Men,88877C02A17A70356CCF94A415C454FF,4
28059,27.46200007,Swim,Speedo Men's Swim Trunks Watershorts New Navy,Speedo,46,Men,90E6FD2326550C6B260AD136E5585003,4
28081,23.18386023,Swim,Speedo Men's Team Collection Starring Pixel Mesh Drag Swimsuit,Speedo,40.18000031,Men,BE7C20A83FB93C62352414AA58E525C2,4
28110,19.75868986,Swim,SPEEDO Men's Classic Aquashort,Speedo,35.72999954,Men,43102E91C7B170EAD9CC2F6F0A37F1AF,4
28145,25.622,Swim,Speedo Men's Linear Motion Square Leg Swimsuit,Speedo,46,Men,3F5F9A41006ACF1175710899E6EBE758,4
28177,19.00330053,Swim,SPEEDO Avenger Water Polo Brief,Speedo,30.95000076,Men,A98776F5568F916378BD28D529AB3A33,4
28257,37.91368124,Swim,Speedo Men's Sonic Boom Flx System Stretch Boardshort,Speedo,59.99000168,Men,842F8AA34C56102C83AAED81F3B175D8,4
28258,18.09576033,Swim,Speedo Men's Wipe Out Floral Splice E-Board Watershort,Speedo,29.52000046,Men,61DEEE96AA0901E6EDEB0A4A077AD082,4
28276,24.28200009,Swim,Speedo Men's Breastroke 4 Hope Solid Jammer Swimsuit,Speedo,38,Men,711DCCFB52E41F338D36458CA11CC876,4
27395,30.64050004,Swim,Volcom Men's Maguro Block Boardshort,Volcom,49.5,Men,ED4D7AD8AF25336D87DC92371F38918F,4
27413,39.42464826,Swim,Volcom Men's Anialtr Solid Board Short,Volcom,64.94999695,Men,F233BF906D15979BCFAA5B92367FBDB3,4
27414,25.29000012,Swim,Volcom Men's Maguro Plaid Short,Volcom,45,Men,005C03BFD9D4DF48AA46F6E6DFB92439,4
27415,28.41300005,Swim,Volcom Men's Maguro Stripe Board Short,Volcom,49.5,Men,624F9DA624E85B501A40C03730F6BA83,4
27423,27.22500006,Swim,Volcom Men's Maguro Solid Boardshort,Volcom,45,Men,732E8277FEB283AFE0C4703473DAE5FA,4
27424,29.05650006,Swim,Volcom Men's New Jetty Boardshort,Volcom,49.5,Men,1B96773A6C08EB3441A9827BE8972EA2,4
27427,34.83770051,Swim,Volcom Men's Beach Road Boardshort,Volcom,59.45000076,Men,405C398F6DF3955EDF7F18F96B11CD41,4
27447,21.98000008,Swim,Volcom Men's El Duble Long Sleeve Thrash Guard,Volcom,35,Men,19813CE72DE2E59F836D858196DABE6F,4
27473,31.49965058,Swim,Volcom Men's City Limits Boardshort,Volcom,49.45000076,Men,877E8160AC1D5BEAE0ECC56E48659AA0,4
27522,35.76000008,Swim,Volcom Men's V4s Scallop Boardshort,Volcom,60,Men,FED34D7C05DCBB596142516748AC52EF,4
27531,24.96400012,Swim,Volcom Men's Maguro Solid Board Short,Volcom,39.5,Men,7DC75483C8B2ACE7420712262F0B6303,4
27550,28.66050009,Swim,Volcom Men's 4 Way Stretch Stripe Boardshort,Volcom,49.5,Men,B61726A0869331A6DEC8049DE8F10FC9,4
27572,32.39500009,Swim,Volcom Men's Scalloped Boardshort,Volcom,55,Men,41890B3543C53ED353B9FEBCF47A2CC0,4
27575,33.20100012,Swim,Volcom Men's 6 Way Stretch Stripe Boardshort,Volcom,59.5,Men,0AD4995ACABE081DA73EF9481AB5D170,4
27579,21.07000006,Swim,Volcom Men's Solid Long Sleeve Thrash Guard,Volcom,35,Men,1CEEB04B184EE1C9424F81C8A96FD686,4
27588,29.84850008,Swim,Volcom Men's Armstrong Swimwear,Volcom,49.5,Men,A250C65C14391DD15C000484A2F49801,4
27626,34.39870059,Swim,Volcom Men's Dredge Board Short,Volcom,54.95000076,Men,FFB430EBDABCE62D4D56F4E13CB50FA4,4
27629,32.78450016,Swim,Volcom Men's 6 Way Stretch Pixelater Boardshort,Volcom,59.5,Men,76CB696D89F827C907D66D9388D96553,4
27631,32.01000012,Swim,Volcom Men's 6 Way Stretch Solid Boardshort,Volcom,55,Men,E3354D31C6019A82E5F8D20088C5AFDB,4
27639,38.25406082,Swim,Volcom Men's Plaiter Printed Stone Swimwear,Volcom,63.97000122,Men,6BEA0403F89E400CCD9B50F6F5875D27,4
27644,30.74500002,Swim,Volcom Men's Frickin V4S Short,Volcom,55,Men,0FA66DC7AC7CC66A4C72F28E7742F27F,4
27651,22.68730054,Swim,Volcom Men's Radiant Long Sleeve Thrash Guard,Volcom,36.95000076,Men,7B9291A4431D2198FE9A16BB135F3736,4
27693,25.24500003,Swim,Volcom Maguro Stripe Board Short - Men's,Volcom,45,Men,46EE2A36B86B9DE6D43D6E7A6774889A,4
27748,21.03990051,Swim,Volcom Men's Radiant Short Sleeve,Volcom,34.95000076,Men,544C7B05593E1AB33F23AB5738B3FACA,4
27766,30.9918006,Swim,Volcom Men's Bosca Board Short,Volcom,54.95000076,Men,DC4A1C1E778909C03A41D2C672C2B962,4
27820,20.988,Swim,Volcom Men's Colorblock Long Sleeve Thrashguard,Volcom,33,Men,C4D45D45E1A473A3E43C8699766169EE,4
27850,35.46200008,Swim,Volcom Men's Gunshot Board Short,Volcom,59.5,Men,DB6A22A1FEB7E1FD383A93B757538380,4
27871,21.57100002,Swim,Volcom Men's Solid Thrashguard Short Sleeve Shirt,Volcom,37,Men,7CEFDCBFF0DDF29C3BBAEEC362015C30,4
27896,38.02050014,Swim,Volcom Men's Ingelater Board Short,Volcom,59.5,Men,EF986F30FAB2FC38B8D7BE268B2B1DCA,4
27928,35.38780056,Swim,Volcom Men's Frickin Modern V2S Short,Volcom,54.95000076,Men,0D2B7CC9DBCAF0935FD159CCFE19345D,4
27966,25.08000008,Swim,Volcom Men's Strots Boardshort,Volcom,41.25,Men,5D2C27AE7617D2660BBDC0F22D141AB8,4
28050,40.7488909,Swim,Volcom Men's Bruce Annihilator Board-Shorts,Volcom,63.97000122,Men,A4D35E93D6C0787428F2FDF6A29457E0,4
28071,19.96500005,Swim,Volcom Men's Solid Long Sleeve Shirt,Volcom,33,Men,CEC635E58838FF3C8907ACBE1BDA1191,4
28093,30.99801084,Swim,Volcom Men's 2EEZ Solid Board Short,Volcom,48.97000122,Men,5E5BD82A90466D9434C270B85DDF187C,4
28106,38.34000014,Swim,Volcom Men's Flying Tacos Boardshort,Volcom,60,Men,C50D28E81A9E22A95E30A0D1164902C2,4
28109,35.14500013,Swim,Volcom Men's V4S Stripe,Volcom,55,Men,9DFCBC9897AD8F393DA9C34D4883524F,4
28201,18.36450002,Swim,Volcom Maguro Fade Board Short - Men's,Volcom,31.5,Men,CD0D3644BAD027859B1EC6128A36A974,4
28223,34.06900053,Swim,Volcom Men's Actuator Mod Board Short,Volcom,54.95000076,Men,1E051A5C9BD08C027EB09B522C26BA88,4
28260,30.55220052,Swim,Volcom Kid Creature Board Short - Men's,Volcom,54.95000076,Men,5596542FBE4B92A84E5FF41A01641EEE,4
28214,18.2695005,Swim,TS Swim Men's Water Polo Brief - Red with Skulls,TS Swim,29.95000076,Men,EF7726BA08A0F64821ECD00E781680D1,4
28224,54.54900027,Swim,New Borrelli Navy Blue Swimwear Large/Large,Borrelli,99,Men,D917E680C14C6FCD74D08C935436F1B5,4
27417,14.10000008,Swim,Kanu Surf Men's Barracuda Trunks,Kanu Surf,25,Men,FCE971C489E43AAB8B19E01FAE000221,4
27437,15.10000004,Swim,Kanu Surf Men's Havana Trunks,Kanu Surf,25,Men,D95A2FA315683F22CFA4713558F64DFE,4
27446,15.20000005,Swim,Kanu Surf Men's CB Rashguard Swim Tee,Kanu Surf,25,Men,ACC85FCEA72CD0E4032763ED0C565DBC,4
27458,16.02500007,Swim,Kanu Surf Men's Solid Rashguard Swim Tee,Kanu Surf,25,Men,3570256111BFDE271851C5E1F41325B5,4
27480,16.25000006,Swim,Kanu Surf Men's Splice Jammers,Kanu Surf,25,Men,3CFEC6DDC9E6325247431A9EE7EE45EF,4
27495,15.9,Swim,Kanu Surf Men's Barracuda Extended Size Trunk,Kanu Surf,25,Men,8B867815185DD36FF091A2702449FEB9,4
27576,14.40000003,Swim,Kanu Surf Men's Epic Swim Trunk,Kanu Surf,25,Men,2C64BE033EF248652C62C6D1B27FEECB,4
27581,14.35000002,Swim,Kanu Surf Men's Rugby Swim Trunk,Kanu Surf,25,Men,488040033894D00123C7AFA479A90BC5,4
27601,14.35000002,Swim,Kanu Surf Men's Cancun Swim Trunk,Kanu Surf,25,Men,EFE943D887C07CE18A19E8DF6F9A4A03,4
27617,15.32500004,Swim,Kanu Surf Men's Big Havana Extended Size Swim Trunk,Kanu Surf,25,Men,F26D74C4CC9B8710DD090224F3831DC8,4
27680,15.32500004,Swim,Kanu Surf Men's Wired Boardshort,Kanu Surf,25,Men,D709D93B9D58E2490D7202500B1B9BDD,4
27723,15.50000003,Swim,Kanu Surf Men's Cancun Extended Size Swimwear Trunks,Kanu Surf,25,Men,D65A39B46650D6DEFF3C412E260B0343,4
27727,15.10000004,Swim,Kanu Surf Men's Challenge Swim Trunk,Kanu Surf,25,Men,214846AB5CA61BD83F438070A4EF7E34,4
27729,15.82500003,Swim,Kanu Surf Men's Fiji Extended Size Swimwear Trunks,Kanu Surf,25,Men,7462D4179056E65BCD3F2B8BCEDC7277,4
27743,14.87500004,Swim,Kanu Surf Men's Trophy Boardshort,Kanu Surf,25,Men,A4DCBD303A3B5F5AFCAAD184601F66AA,4
27787,14.55000006,Swim,Kanu Surf Men's Molokai Rashguard Shirt,Kanu Surf,25,Men,CDBC545A1014F3811C62A7864F45D06B,4
27835,12.29349954,Swim,Kanu Surf Mens Maui Extended Size Trunk,Kanu Surf,21.37999916,Men,F1FE81FA0A090BB5339E0BC688966E9B,4
27859,14.27500006,Swim,Kanu Surf Men's Fiji Rashguard Shirt,Kanu Surf,25,Men,6F2C88B9135A5473B22386FD9F0632B1,4
27868,10.77303983,Swim,Kanu Surf Mens Waikiki Extended Size Trunk,Kanu Surf,17.31999969,Men,85FA59AC8A893137B2777551335631ED,4
27919,13.925,Swim,Kanu Surf Men's Focus Rashguard Shirt,Kanu Surf,25,Men,5E6C70CDA1988D563ABA2FA39BC65169,4
27941,17.11000005,Swim,Kanu Surf Men's Platinum Rashguard Shirt,Kanu Surf,29,Men,5832B159F7B32B3D3A1AA9343DBB994B,4
27943,15.82500003,Swim,Kanu Surf Men's Epic Extended Size Swimwear Trunks,Kanu Surf,25,Men,F428ED8209A04774DD294D6DC12AE201,4
27978,15.52500003,Swim,Kanu Surf Men's Mahalo Swimwear,Kanu Surf,25,Men,E90A598324002F2BEE63F39B95A52FF1,4
28038,12.76800004,Swim,Kanu Surf Men's Mahalo Trunks,Kanu Surf,21,Men,F58EF09AD7EBC3EDD43FD7EEA2444342,4
28180,13.90000004,Swim,Kanu Surf Men's Trophy Rashguard Shirt,Kanu Surf,25,Men,D2D1836B7375E85336296D909745A1AD,4
27556,11.11682012,Swim,Bottoms Out Men's Plaid Adjustable Waistline Swim Short,Bottoms Out,18.59000015,Men,5C98B0539591B13B7BA78B3B614407EF,4
27702,19.46350986,Swim,Bottoms Out Men's Stripe Swim Short,Bottoms Out,29.98999977,Men,174FA28F35090A13AA4BAB118835A571,4
27938,14.42500004,Swim,Bottoms Out Men's Ocean Print Swim Short,Bottoms Out,25,Men,8EE15923664A1FF58E5F7FDDFDB91679,4
28118,32.48200007,Swim,Deadstock Boardshort,Fox Outdoor,54.5,Men,AFA01E654050008794C59EC41CFD297B,4
28129,34.19660091,Swim,LD SPORTS Micro Fiber Swim Shorts In 2 Colors #400,Lord Daniels,56.06000137,Men,701E4CA2021D8009E0A093BD3C708420,4
27606,32.07600008,Swim,Tommy Bahama Happy Go Cargo Elastic Waist Swim Short (TR924),Tommy Bahama,54,Men,F76ADFC16CAC13526A0D9D97E1401257,4
27672,32.18999998,Swim,Tommy Bahama Pack To The Future Swim Trunks,Tommy Bahama,58,Men,27A34F041B383B2B229AEA2A38B36C16,4
28119,31.07500007,Swim,Tommy Bahama Reef Between the Lines Swim Trunks,Tommy Bahama,55,Men,E2E092985007A1E33DD712A6DF38AF98,4
27686,23.52000006,Swim,Sons Of Anarchy Red Block Reaper Mens Swim Boardshorts,Sons Of Anarchy,40,Men,3590F3FB8AFE58D458F358B517F9A3E0,4
27794,23.56000006,Swim,Sons Of Anarchy Red Stripes Mens Swim Boardshorts,Sons Of Anarchy,40,Men,4C524A05DCF524174F747E4006689E8F,4
27484,18.56380988,Swim,Legendary Whitetails Lakeside Swim Shorts,Legendary Whitetails,29.98999977,Men,54AC89AC6928FE968C150C002E74EBCB,4
28112,166.3689445,Swim,Zoot Sports Men's Ultra Speedzoot Swim Race Suit,Zoot,274.9899902,Men,A311DD84030F32EA6E0550B09F5869EB,5
27747,14.50000005,Swim,Gotcha Men's Zig Zag Boardshort,Gotcha,25,Men,FDB72CBD0BE58617706A18144E4EDD05,5
27840,16.15000004,Swim,Gotcha Men's Clean Plaid Boardshort,Gotcha,25,Men,D256947D0BB5EA5DCF10093B6675DE5F,5
28032,13.97500001,Swim,Gotcha Men's Large Scale Boardshort,Gotcha,25,Men,E41605316903FE4426FB0C9EEE0C5B19,5
28133,15.70000006,Swim,Gotcha Men's Mini Repeat Boardshort,Gotcha,25,Men,25CA7E9577B39F7730394BC4DB6B58AB,5
28164,15.70000006,Swim,Gotcha Men's Solid Plaid Fade Boardshort,Gotcha,25,Men,730DC3D0DC77E1EF2E5795DDA7B9D213,5
28213,15.00000004,Swim,Gotcha Men's Busy Plaid Boardshort,Gotcha,25,Men,E601AC8EC15075E6C6D0831DBD5A9C81,5
28291,13.77500007,Swim,Gotcha Men's Horizontal Boardshort,Gotcha,25,Men,18E3EDDE68BA02D261C04C136B08484C,5
28249,14.6941199,Swim,Mens Hawaiian Board Shorts Island Khaki,Rainbow,24.98999977,Men,B229ED523FFBCC8C48D47EB8BCD760C6,5
28259,15.58049961,Swim,NAVY Mens Hawaiian Board Shorts,Rainbow,23.96999931,Men,F60CE135766F04F6CFF01C4F46B83812,5
27726,28.29434093,Swim,Coolibar UPF 50+ Men's Short-Sleeve Quarter Zip Splash Guard - Sun Protection,Coolibar,49.99000168,Men,98A81153211BC18454FD5747DA413E57,5
28035,39.05399998,Swim,Coolibar UPF 50+ Men's Long-Sleeve Crewneck Swim Shirt,Coolibar,69,Men,2B7768FBCDB86BDB2C9288A0E5982D2B,5
28113,34.63300007,Swim,Coolibar UPF 50+ Men's Short Sleeve Crewneck Swim Shirt,Coolibar,59,Men,854B68B3C6C3E69B52672108C5A99010,5
28089,44.86358881,Swim,Fishworks Quatro Boardshorts,Fishworks,69.98999786,Men,2ED82A7E645E45584D3AABAB834EEF35,5
27975,19.21283955,Swim,Guy Harvey Swordfish Strike Boardshorts,Guy Harvey,29.87999916,Men,4619FC1A5D71DD96726EB8AFD947B7F0,5
27987,30.24395108,Swim,Guy Harvey Strike Boardshorts,Guy Harvey,49.99000168,Men,E3BFF3CD294DF3B24F6FE9E700D86A91,5
27992,29.44411107,Swim,Guy Harvey Marlin Dive Boardshort,Guy Harvey,49.99000168,Men,35FE071CD4426FE8A90666101FFF1BF0,5
28121,30.64387112,Swim,Guy Harvey Twist of Fate Boardshort,Guy Harvey,49.99000168,Men,CAD2DD4AC4D8D86663098A2843654559,5
28029,21.45000002,Swim,Victorinox Men's Coast Board Short,Victorinox,37.5,Men,E8D6B4AC3E525D79C01F47BED8E1F93C,5
28244,48.30000009,Swim,Victorinox Men's Palm Print Board Short,Victorinox,75,Men,D6C4516DCE9459A651944DE3729E7427,5
28295,22.42500005,Swim,Victorinox Men's Ocean Board Short,Victorinox,37.5,Men,F08F86E95C9D083C89F058285F9FF636,5
27393,69.87500004,Swim,parke & ronen Men's Angeleno 2-Inch Print Swim Trunk,Parke & Ronen,125,Men,EAC0EF6E5FCCA63CB98651CE78C8D4EC,5
27394,60.51500019,Swim,parke & ronen Men's Redondo 8-Inch Boardshort,Parke & Ronen,95,Men,59683C94962309D7AAD44074347A1DEB,5
27402,57.42750015,Swim,parke & ronen Men's Angeleno 2-Inch Stretch Twill Swim Trunk,Parke & Ronen,97.5,Men,E71F0AA2ED94AFB5E84CABF28AEA9DFB,5
27713,44.25000013,Swim,parke & ronen Men's Colorblock Ibiza Brief,Parke & Ronen,75,Men,E78BAA1CE9B86173C8D5F876A00E64E5,5
27815,39.82500012,Swim,parke & ronen Men's Taslan Inseam Swim Short,Parke & Ronen,67.5,Men,47DD74C3EEFFE3EE49F5A49D8A82DBD8,5
27885,31.09206024,Swim,parke & ronen Men's Team Stripe Swim Short,Parke & Ronen,48.43000031,Men,87208431A38B263A8212D32DA9222F2D,5
27894,55.52800009,Swim,parke & ronen Men's Microfiber Ixtapa Boardshort,Parke & Ronen,88,Men,81817C512E916BF2A24BF8007693C021,5
27981,59.56500021,Swim,parke & ronen Men's Redondo 4-Inch Boardshort,Parke & Ronen,95,Men,086C98CD8FCD5DA4D44864F9B3C7C2FA,5
28007,67.72500034,Swim,parke & ronen Men's Microfiber Print Swim Short,Parke & Ronen,105,Men,79A23B3B9AC3C3C789B319B86D784613,5
28013,86.07500028,Swim,parke & ronen Men's Catalonia 6-Inch Taffeta Swim Trunk,Parke & Ronen,137.5,Men,42B88C8B68686B308746C7B9667ECB2C,5
28034,44.81625005,Swim,parke & ronen Men's Taslan Angeleno Short,Parke & Ronen,71.25,Men,1E5AFCE26F816C212A6B27DC47923658,5
28046,45.17250024,Swim,parke & ronen Men's Stretch Microfiber Angeleno Short,Parke & Ronen,71.25,Men,1A24D0708B32892BC735D64FA20D9DFB,5
28205,53.67119923,Swim,parke & ronen Men's Stretch Tailored Fit Swim Short,Parke & Ronen,85.59999847,Men,196B8872E7BE15C1FAD14AF539F43314,5
28211,48.0375001,Swim,parke & ronen Men's Microfiber Cabo Jam Boardshort,Parke & Ronen,78.75,Men,EBE075312B3769EC8A0D7B5F4F11C570,5
28222,39.4725001,Swim,parke & ronen Men's Stripe Meridian Brief,Parke & Ronen,71.25,Men,9764334FC73C4790FA6F10E67A8D35CD,5
28248,38.47500015,Swim,parke & ronen Men's Solid With Piping Meridian Brief,Parke & Ronen,67.5,Men,186908A1F2EDF1E054B8C9FB59C08058,5
28256,39.28500015,Swim,parke & ronen Men's Colorblock Corcovado Brief,Parke & Ronen,67.5,Men,4B1D35D72137CACE2F9546CA80EEE53F,5
27754,9.565830205,Swim,Mens New Boxer Square Cut Swimsuit Platinum Sport,PLATINUM SPORT,14.97000027,Men,0EB7A39FC22086B7E6249D1B5253DC2B,5
27483,11.13538962,Swim,Mens Printed Contour Pouch Bikini Swimsuit By Gary Majdell Sport,Gary Majdell Sport,18.96999931,Men,020A8D591085D3D869B29610E5D91CCB,5
27497,9.791689628,Swim,Mens New Solid Hot Body Bikini Swimsuit Gary Majdell Sport,Gary Majdell Sport,16.96999931,Men,CE4E66F7F29C8B37EFF635378A9B9C0F,5
27499,13.90700959,Swim,Mens Varsity Aussie Rower Boxer Swimsuit Gary Majdell Sport,Gary Majdell Sport,21.96999931,Men,7CA77AE5A007AEE7D0D2DC2ACF885FAA,5
27502,7.781290149,Swim,Mens New Solid Thong Swimsuit Gary Majdell Sport,Gary Majdell Sport,13.97000027,Men,DACE0DF7D1842118ADA1B2757CDFA55E,5
27508,10.88981961,Swim,Mens Solid Contour Pouch Bikini Swimsuit By Gary Majdell Sport,Gary Majdell Sport,17.96999931,Men,839E35ED92C4F5619E8579159F70C437,5
27515,9.740779622,Swim,Mens Liquid Metallic Contour Pouch Bikini Swimsuit By Gary Majdell Sport,Gary Majdell Sport,16.96999931,Men,AB38039D7C1A6862CC692CD15E20D757,5
27519,7.920990175,Swim,Mens New Liquid Metallic Thong Swimsuit Gary Majdell Sport,Gary Majdell Sport,13.97000027,Men,914504D6A7F15BE15048FDB72DDD71A7,5
27521,10.54838962,Swim,Mens New Hot Print Bikini Swimsuit Gary Majdell Sport,Gary Majdell Sport,17.96999931,Men,4021E8AD51EB17EC0F04BC29EB5EA19F,5
27532,12.70781962,Swim,Mens Racing Beach Fitted Short Trunk Jammer,Gary Majdell Sport,20.96999931,Men,1112F0E7F3D6F7D412B1BA38BC94E6E8,5
27539,12.28122962,Swim,Mens Fitted Racing 3/4 Length Jammer,Gary Majdell Sport,21.96999931,Men,0D022F051861EC2AEAD58307FD858269,5
27540,14.99531966,Swim,Mens New Varsity Football Trunk Boxer Swimsuit By Gary Majdell Sport,Gary Majdell Sport,26.96999931,Men,F10424D2B1CBF840765291E98F4EA293,5
27547,10.96261958,Swim,Mens Liquid Metallic Hot Body Boxer Swimsuit Gary Majdell Sport,Gary Majdell Sport,16.96999931,Men,B91F9AE1EFAFED4D85107226536195F3,5
27560,14.8845596,Swim,Mens Pocket Contrast Boxer Mid Cut Swimsuit By Gary Majdell Sport.,Gary Majdell Sport,22.96999931,Men,2465CAADC8E815625CDCF7C34660BBB7,5
27564,10.04522962,Swim,Mens Liquid Metallic Hot Body Bikini Swimsuit Gary Majdell Sport,Gary Majdell Sport,17.96999931,Men,C422E39E579B0C8896E9D9FC9A2CA8AC,5
27590,15.90588961,Swim,Men's New Sailor Boxer Square Cut Swimsuit by Gary Majdell Sport.,Gary Majdell Sport,24.96999931,Men,67EC9E8DECB48E53B1DD1F6514FF7A5B,5
27593,12.1218296,Swim,Mens Classic Competition Style Trunk Boxer Swimsuit with Sexy Fashion Front Pouch by Gary Majdell Sport,Gary Majdell Sport,18.96999931,Men,D0EB61F26691D0E6AA548549AB20C0A6,5
27600,12.58109958,Swim,Mens New Side Stripe Boxer Swimsuit Gary Majdell Sport,Gary Majdell Sport,19.96999931,Men,680A372679DA6B97E589C2CF672D5AEA,5
27604,9.486229622,Swim,Mens New Solid Hot Body Boxer Swimsuit Gary Majdell Sport,Gary Majdell Sport,16.96999931,Men,E672848731D3B73445E638650520C9C9,5
27621,13.25368964,Swim,Mens New Windsurfer Trunk Swimsuit Boxer Gary Majdell Sport,Gary Majdell Sport,22.96999931,Men,E62E4E249110F293347233352A4EDF81,5
27625,11.18319966,Swim,Mens Print Hot Body Boxer Swimsuit Gary Majdell Sport,Gary Majdell Sport,19.96999931,Men,4BC8E183D66E91B1282955588FE864EB,5
27660,14.64566961,Swim,Mens Olympic Flag Sexy Competition Style Bikini Brief Swimsuit by Gary Majdell Sport,Gary Majdell Sport,23.96999931,Men,F72CE9098BC2B98030ED78319D60BE6E,5
27662,15.2209496,Swim,Mens New Side Stripes Boxer Swimsuit By Gary Majdell Sport,Gary Majdell Sport,23.96999931,Men,F17E28704BF2B4702992842989431D24,5
27666,10.3365899,Swim,Mens New Contrast Boxer Swimsuit By Gary Majdell Sport,Gary Majdell Sport,17.48999977,Men,344FBBDB875272B916352C8040207BD6,5
27694,12.96052956,Swim,Men's New Liquid Metallic Football Bikini Swimsuit By Gary Majdell Sport,Gary Majdell Sport,19.96999931,Men,569D09D580E772E2ACAF522BA342AC0E,5
27721,16.1805596,Swim,Mens Classic Side Zip Competition Style Sexy Fashion Brief Bikini by Gary Majdell Sport,Gary Majdell Sport,24.96999931,Men,F920F9D2C5E7AE3BEFA151A32244B6CC,5
27741,10.13507967,Swim,Mens New Zip Bikini Swimsuit By Gary Majdell Sport,Gary Majdell Sport,17.96999931,Men,E378079B8C0D911442D21B961F8DF014,5
27760,10.45351962,Swim,Mens New Side Insert Square Cut Boxer Swimsuit Gary Majdell Sport,Gary Majdell Sport,16.96999931,Men,87B428922A688F8A0E4ACE11A473F29A,5
27768,10.75897962,Swim,Mens Lifeguard Bikini Swimsuit Gary Majdell Sport,Gary Majdell Sport,16.96999931,Men,1B2AE1ABC7405FB92168D400454C936C,5
27797,13.05017962,Swim,Men's New Multi-Colored Square Cut Boxer Swimsuit By Gary Majdell Sport,Gary Majdell Sport,21.96999931,Men,D36C8AA0E34A51EC87204DDC1329E2EB,5
27811,15.29198966,Swim,Mens Belted Boxer Midcut Swimsuit By Gary Majdell Sport.,Gary Majdell Sport,26.96999931,Men,37C771D1BC9E621EFC6C6C03C864F981,5
27823,13.59823962,Swim,Mens Side Stripe Bikini Brief Swimsuit By Gary Majdell Sport,Gary Majdell Sport,22.96999931,Men,B89F2E9BDA166C97FA4AFE09D24CABA8,5
27832,10.96261958,Swim,Mens Contrast Stitch Hot Body Bikini Swimsuit Gary Majdell Sport,Gary Majdell Sport,16.96999931,Men,E48F4F260FB9B7A6876E7153D53298F1,5
27864,12.69865964,Swim,Mens New Butt Lifter Boxer Square Cut Swimsuit By Gary Majdell Sport,Gary Majdell Sport,21.96999931,Men,99F77070702C32E5A8EABA3C38801BEC,5
27889,17.23382962,Swim,Men's New Lifeguard Square Cut Boxer Swimsuit By Gary Majdell Sport,Gary Majdell Sport,26.96999931,Men,5EBB9C2331E5AD574F452F293607041F,5
27895,10.50442959,Swim,Mens Aussie Rower Boxer Swimsuit Gary Majdell Sport,Gary Majdell Sport,16.96999931,Men,0A6D7AAC348573607A3219FB5BA42E51,5
27905,15.2209496,Swim,Mens New Combo Bikini Swimsuit By Gary Majdell Sport,Gary Majdell Sport,23.96999931,Men,9CC1EFE753654FA0220A77E5C3C14478,5
27951,13.80671964,Swim,Mens Side Emblem Print Two-Tone Boxer Trunk Swimsuit by Gary Majdell Sport,Gary Majdell Sport,23.96999931,Men,1899267A7CAB6C98197EA43751DF1C07,5
27963,13.64417963,Swim,Mens New Side Stripe Bikini Swimsuit By Gary Majdell Sport,Gary Majdell Sport,22.96999931,Men,3F989B0F0F818AE98F79381D9C1ADA42,5
28010,17.41096963,Swim,Mens Three-Tone Insert Competition Style Sexy Fashion Trunk Boxer Swimsuit by Gary Majdell Sport,Gary Majdell Sport,28.96999931,Men,D4535535B455DD9B910BA56286A4D8F5,5
28114,14.63241962,Swim,Mens Sexy Contrast Athlete Cut Fashion Trunk Boxer Swimsuit by Gary Majdell Sport,Gary Majdell Sport,24.96999931,Men,2791CBF7A6B8B8C08804168DDCF1C172,5
28217,16.77533961,Swim,Mens Contrast Design Competition Style Sexy Fashion Brief Bikini Swimsuit by Gary Majdell Sport,Gary Majdell Sport,26.96999931,Men,8EB66FC40F79656F65782847DDB57AD9,5
28268,12.72537965,Swim,Mens Two-Tone Hot Body Contrast Bikini Swimsuit Gary Majdell Sport,Gary Majdell Sport,22.96999931,Men,C73151B0D36AD644D5F57C87AE8C05E3,5
28299,12.58109958,Swim,Men's New Zip Boxer Swimsuit By Gary Majdell Sport,Gary Majdell Sport,19.96999931,Men,CFA666DE8CBDBC94FFEB4C785F547942,5
27509,37.1280001,Swim,Fox Men's Fade Out Board Short,Fox,59.5,Men,D61F11E5BDA1C631302B96F8E65A6C3B,6
27595,30.87315052,Swim,Fox Men's Fader Boardshorts,Fox,54.45000076,Men,89225D82BD5D406BA8528FF7F0F80B96,6
27614,31.5315001,Swim,Fox Men's Fresh Kill Boardshort,Fox,49.5,Men,8B02ED5A86A1A326B7862BBBA5EB74A7,6
27616,27.53590085,Swim,Fox Racing Big Shot Boardshort Flame Red W31,Fox,48.65000153,Men,2B5102C218CB2E3DF76C2A0D94244C73,6
27722,23.34450007,Swim,Fox Men's Expandamonium Boardshort,Fox,39.5,Men,3A5833C50B580AF6B5D600AB13D46366,6
27742,35.06250004,Swim,Fox Men's Futurize Boardshorts,Fox,62.5,Men,F4F544FDB5F766DB8EE639797D3C38CB,6
27749,29.10600007,Swim,Fox Men's Top Shelf Boardshort,Fox,49.5,Men,C7079F5DE6BEDE408A06FE0DD40D7A40,6
27781,26.96587111,Swim,Fox Men's Sector Boardshort,Fox,43.99000168,Men,2F5C144531B316A819F61E78392E3D6D,6
27786,25.536001,Swim,Fox Men's V3 Boardshorts,Fox,39.90000153,Men,0C22D45F31ACF0F4192C8C12B7A55DEE,6
27828,26.01312065,Swim,Fox Racing Future Boardshort Flame Red W31,Fox,47.04000092,Men,5AA4A8377A596E113596BA843F3A3E93,6
27947,20.13165096,Swim,Fox Men's V3 Boardshort,Fox,34.65000153,Men,F335BF480FD91007C3C81A67A1DD4294,6
27968,13.92600003,Swim,Fox Men's The Boss Boardshort,Fox,22,Men,E6EB4C2FEDEB246841D5B95592CB1218,6
28037,33.26050002,Swim,Fox Men's Hydroplane Short,Fox,59.5,Men,AF698F2B39B1F19D13E7259E6B560A85,6
28170,33.26050002,Swim,Fox Racing Hydroblast Shorts - 28/Dark Khaki,Fox,59.5,Men,9390F4D0DA32633807F299E76C568ACE,6
28178,28.69050011,Swim,Fox Men's Hydrotonic Hybrid Short,Fox,46.5,Men,479EAA8E93A42B42D12992F086CFA14F,6
28182,17.94239982,Swim,Fox Men's Showdown Boardshort,Fox,31.14999962,Men,ABFFBD61825BE76ADBBE7BF96233F42B,6
28187,57.31200013,Swim,Fox Men's Optima Boardshorts,Fox,99.5,Men,F52A97AEB3DB83504088D414AE36A7B9,6
28296,34.79850012,Swim,Fox Men's Shattered Boardshort,Fox,55.5,Men,863077711FF23E3A4CC4DDB915CC02F5,6
27709,22.39440104,Swim,AFTCO Bluewater M07 Waterman Boardshort,Aftco,39.99000168,Men,C392DAABD18A9B4E3893D74A7DA626A5,6
27756,32.39352118,Swim,AFTCO Sonar Boardshorts,Aftco,49.99000168,Men,B3511C39B8E9C8FEDC482B0F518C36EB,6
27839,27.94441096,Swim,AFTCO Wahoo Boardshorts,Aftco,49.99000168,Men,611389A77A1FC86B81814DD2AB1662EF,6
27948,35.87447889,Swim,AFTCO Yellowfin Boardshorts,Aftco,64.98999786,Men,2320CC311E948C73C192F8B63D1FFAB1,6
28290,40.8787087,Swim,AFTCO Techno Boardshorts,Aftco,64.98999786,Men,6AB025DF5539049FFAD9E5F29EAB084B,6
27655,15.16960051,Swim,Arena Men's Satamis Race Xtra Life Lycra Solid Brief Swimsuit,Arena,24.95000076,Men,36E7410E19523E17B648B49AD9230D75,6
27791,160.1600006,Swim,Arena Men's Powerskin R-EVO Jammer Race,Arena,260,Men,653408BA8D3FE565F0B8A4B8AA123012,6
27937,41.85000015,Swim,Arena Men's Rave Powerskin St Jammer,Arena,75,Men,96C49AEC2BD7B939892E5B18BC6369B1,6
28060,30.0480001,Swim,Arena Men's Brizz Polyester Jammer Swimsuit,Arena,48,Men,FC38D019366C0AA622CACEB53F7F7A60,6
28184,20.6976005,Swim,Arena Men's Booster Training Xtra Life Lycra Jammer Swimsuit,Arena,35.20000076,Men,B137EB4183C4E03586F8AE9257BBF3BC,6
27449,31.71900012,Swim,Rusty Men's Goombah Too Boardshort,Rusty,54.5,Men,310B3B4C1E4AEEFAE1A8EB83C9F5EB57,6
27730,21.84350012,Swim,Rusty Men's Wanderlust Boardshort,Rusty,39.5,Men,872C4AA521901633753E94CBBAD4644D,6
27804,20.44000003,Swim,Rusty Men's Come On Down Boardshort,Rusty,35,Men,E94DF919E51AE96652259468415D4F77,6
27822,27.59000005,Swim,Rusty Men's Blended Boardshort,Rusty,44.5,Men,7716F37CF3646D627BFA4143310B3452,6
27917,35.70000009,Swim,Rusty Men's Wanderer Shorts,Rusty,59.5,Men,C96A3C8C43F8A4316BA293E5257BCEB4,6